HI,UKE,2019,Quarter,1,HM-ALL,Div,27.4.b,NA,NA,-9,NA
SI,UKE,2019,Quarter,1,HM-ALL,Div,27.4.b,NA,HOM,NA,L,A,NA,H,NA,NA,t,0.023,-9,-9,NA,J.E.BALL,ENG_2019_HM-ALL_HOM
SI,UKE,2019,Quarter,1,HM-ALL,Div,27.4.b,NA,HOM,NA,B,A,NA,H,NA,NA,t,0,-9,-9,NA,J.E.BALL,ENG_2019_HM-ALL_HOM
HI,UKE,2019,Quarter,2,HM-ALL,Div,27.4.b,NA,NA,-9,NA
SI,UKE,2019,Quarter,2,HM-ALL,Div,27.4.b,NA,HOM,NA,L,A,NA,H,NA,NA,t,0.002,-9,-9,NA,J.E.BALL,ENG_2019_HM-ALL_HOM
SI,UKE,2019,Quarter,2,HM-ALL,Div,27.4.b,NA,HOM,NA,B,A,NA,H,NA,NA,t,0,-9,-9,NA,J.E.BALL,ENG_2019_HM-ALL_HOM
HI,UKE,2019,Quarter,3,HM-ALL,Div,27.4.b,NA,NA,-9,NA
SI,UKE,2019,Quarter,3,HM-ALL,Div,27.4.b,NA,HOM,NA,L,A,NA,H,NA,NA,t,0.174,-9,-9,NA,J.E.BALL,ENG_2019_HM-ALL_HOM
SD,UKE,2019,Quarter,3,HM-ALL,Div,27.4.b,NA,HOM,NA,L,A,N,Age,2,-9, -9,-9,-9,1,25,kg,k,year,cm,NA,0.022799592,0.173,25.5,-9,-9,-9
SD,UKE,2019,Quarter,3,HM-ALL,Div,27.4.b,NA,HOM,NA,L,A,N,Age,3,-9, -9,-9,-9,1,25,kg,k,year,cm,NA,0.057715539,0.170419865,25.5,-9,-9,-9
SD,UKE,2019,Quarter,3,HM-ALL,Div,27.4.b,NA,HOM,NA,L,A,N,Age,4,-9, -9,-9,-9,1,25,kg,k,year,cm,NA,0.406875006,0.199094781,27.04466859,-9,-9,-9
SD,UKE,2019,Quarter,3,HM-ALL,Div,27.4.b,NA,HOM,NA,L,A,N,Age,5,-9, -9,-9,-9,1,25,kg,k,year,cm,NA,0.174579733,0.1958,26.9,-9,-9,-9
SD,UKE,2019,Quarter,3,HM-ALL,Div,27.4.b,NA,HOM,NA,L,A,N,Age,6,-9, -9,-9,-9,1,25,kg,k,year,cm,NA,0.10474784,0.237666667,28.83333333,-9,-9,-9
SD,UKE,2019,Quarter,3,HM-ALL,Div,27.4.b,NA,HOM,NA,L,A,N,Age,9,-9, -9,-9,-9,1,25,kg,k,year,cm,NA,0.069831893,0.2955,32.5,-9,-9,-9
SI,UKE,2019,Quarter,3,HM-ALL,Div,27.4.b,NA,HOM,NA,B,A,NA,H,NA,NA,t,0,-9,-9,NA,J.E.BALL,ENG_2019_HM-ALL_HOM
HI,UKE,2019,Quarter,4,HM-ALL,Div,27.4.b,NA,NA,-9,NA
SI,UKE,2019,Quarter,4,HM-ALL,Div,27.4.b,NA,HOM,NA,L,A,NA,H,NA,NA,t,0.511,-9,-9,NA,J.E.BALL,ENG_2019_HM-ALL_HOM
SD,UKE,2019,Quarter,4,HM-ALL,Div,27.4.b,NA,HOM,NA,L,A,N,Age,1,-9, -9,-9,-9,1,25,kg,k,year,cm,NA,0.654254639,0.06275,19.75,-9,-9,-9
SD,UKE,2019,Quarter,4,HM-ALL,Div,27.4.b,NA,HOM,NA,L,A,N,Age,2,-9, -9,-9,-9,1,25,kg,k,year,cm,NA,0.817818298,0.1018,23.1,-9,-9,-9
SD,UKE,2019,Quarter,4,HM-ALL,Div,27.4.b,NA,HOM,NA,L,A,N,Age,3,-9, -9,-9,-9,1,25,kg,k,year,cm,NA,0.817818298,0.1232,24.5,-9,-9,-9
SD,UKE,2019,Quarter,4,HM-ALL,Div,27.4.b,NA,HOM,NA,L,A,N,Age,4,-9, -9,-9,-9,1,25,kg,k,year,cm,NA,1.635636596,0.1591,26.5,-9,-9,-9
SD,UKE,2019,Quarter,4,HM-ALL,Div,27.4.b,NA,HOM,NA,L,A,N,Age,5,-9, -9,-9,-9,1,25,kg,k,year,cm,NA,0.16356366,0.159,26.5,-9,-9,-9
SI,UKE,2019,Quarter,4,HM-ALL,Div,27.4.b,NA,HOM,NA,B,A,NA,H,NA,NA,t,0,-9,-9,NA,J.E.BALL,ENG_2019_HM-ALL_HOM
SI,UKE,2019,Quarter,4,HM-ALL,Div,27.4.b,NA,HOM,NA,D,A,NA,H,O,NA,t,1.386,-9,-9,NA,J.E.BALL,ENG_2019_HM-ALL_HOM
HI,UKE,2019,Quarter,1,HM-ALL,Div,27.4.c,NA,NA,-9,NA
SI,UKE,2019,Quarter,1,HM-ALL,Div,27.4.c,NA,HOM,NA,L,A,NA,H,NA,NA,t,3.26,-9,-9,NA,J.E.BALL,ENG_2019_HM-ALL_HOM
SI,UKE,2019,Quarter,1,HM-ALL,Div,27.4.c,NA,HOM,NA,B,A,NA,H,NA,NA,t,0,-9,-9,NA,J.E.BALL,ENG_2019_HM-ALL_HOM
HI,UKE,2019,Quarter,2,HM-ALL,Div,27.4.c,NA,NA,-9,NA
SI,UKE,2019,Quarter,2,HM-ALL,Div,27.4.c,NA,HOM,NA,L,A,NA,H,NA,NA,t,41.499,-9,-9,NA,J.E.BALL,ENG_2019_HM-ALL_HOM
SI,UKE,2019,Quarter,2,HM-ALL,Div,27.4.c,NA,HOM,NA,B,A,NA,H,NA,NA,t,0,-9,-9,NA,J.E.BALL,ENG_2019_HM-ALL_HOM
HI,UKE,2019,Quarter,3,HM-ALL,Div,27.4.c,NA,NA,-9,NA
SI,UKE,2019,Quarter,3,HM-ALL,Div,27.4.c,NA,HOM,NA,L,A,NA,H,NA,NA,t,2.765,-9,-9,NA,J.E.BALL,ENG_2019_HM-ALL_HOM
SI,UKE,2019,Quarter,3,HM-ALL,Div,27.4.c,NA,HOM,NA,B,A,NA,H,NA,NA,t,0,-9,-9,NA,J.E.BALL,ENG_2019_HM-ALL_HOM
HI,UKE,2019,Quarter,4,HM-ALL,Div,27.4.c,NA,NA,-9,NA
SI,UKE,2019,Quarter,4,HM-ALL,Div,27.4.c,NA,HOM,NA,L,A,NA,H,NA,NA,t,645.442,-9,-9,NA,J.E.BALL,ENG_2019_HM-ALL_HOM
SD,UKE,2019,Quarter,4,HM-ALL,Div,27.4.c,NA,HOM,NA,L,A,N,Age,1,-9, -9,-9,-9,5,124,kg,k,year,cm,NA,1817.964299,0.064042346,19.71898733,-9,-9,-9
SD,UKE,2019,Quarter,4,HM-ALL,Div,27.4.c,NA,HOM,NA,L,A,N,Age,2,-9, -9,-9,-9,5,124,kg,k,year,cm,NA,1874.487853,0.083235875,21.55447517,-9,-9,-9
SD,UKE,2019,Quarter,4,HM-ALL,Div,27.4.c,NA,HOM,NA,L,A,N,Age,3,-9, -9,-9,-9,5,124,kg,k,year,cm,NA,2025.526203,0.106158751,23.30355362,-9,-9,-9
SD,UKE,2019,Quarter,4,HM-ALL,Div,27.4.c,NA,HOM,NA,L,A,N,Age,4,-9, -9,-9,-9,5,124,kg,k,year,cm,NA,249.166947,0.125945333,24.5,-9,-9,-9
SD,UKE,2019,Quarter,4,HM-ALL,Div,27.4.c,NA,HOM,NA,L,A,N,Age,5,-9, -9,-9,-9,5,124,kg,k,year,cm,NA,759.4171181,0.147316633,25.52271951,-9,-9,-9
SD,UKE,2019,Quarter,4,HM-ALL,Div,27.4.c,NA,HOM,NA,L,A,N,Age,6,-9, -9,-9,-9,5,124,kg,k,year,cm,NA,88.06555091,0.167,26.5,-9,-9,-9
SI,UKE,2019,Quarter,4,HM-ALL,Div,27.4.c,NA,HOM,NA,B,A,NA,H,NA,NA,t,0,-9,-9,NA,J.E.BALL,ENG_2019_HM-ALL_HOM
HI,UKE,2019,Quarter,1,HM-ALL,Div,27.6.a,NA,NA,-9,NA
SI,UKE,2019,Quarter,1,HM-ALL,Div,27.6.a,NA,HOM,NA,L,A,NA,H,NA,NA,t,298.153,-9,-9,NA,J.E.BALL,ENG_2019_HM-ALL_HOM
SD,UKE,2019,Quarter,1,HM-ALL,Div,27.6.a,NA,HOM,NA,L,A,N,Age,5,-9, -9,-9,-9,1,25,kg,k,year,cm,NA,751.4721876,0.157547619,27.36607143,-9,-9,-9
SD,UKE,2019,Quarter,1,HM-ALL,Div,27.6.a,NA,HOM,NA,L,A,N,Age,6,-9, -9,-9,-9,1,25,kg,k,year,cm,NA,391.3917644,0.204857143,29.92857143,-9,-9,-9
SD,UKE,2019,Quarter,1,HM-ALL,Div,27.6.a,NA,HOM,NA,L,A,N,Age,7,-9, -9,-9,-9,1,25,kg,k,year,cm,NA,111.8262184,0.27,31.5,-9,-9,-9
SD,UKE,2019,Quarter,1,HM-ALL,Div,27.6.a,NA,HOM,NA,L,A,N,Age,8,-9, -9,-9,-9,1,25,kg,k,year,cm,NA,55.9131092,0.321,31.5,-9,-9,-9
SD,UKE,2019,Quarter,1,HM-ALL,Div,27.6.a,NA,HOM,NA,L,A,N,Age,10,-9, -9,-9,-9,1,25,kg,k,year,cm,NA,55.9131092,0.335,34.5,-9,-9,-9
SD,UKE,2019,Quarter,1,HM-ALL,Div,27.6.a,NA,HOM,NA,L,A,N,Age,11,-9, -9,-9,-9,1,25,kg,k,year,cm,NA,55.9131092,0.229,30.5,-9,-9,-9
SD,UKE,2019,Quarter,1,HM-ALL,Div,27.6.a,NA,HOM,NA,L,A,N,Age,15,-9, -9,-9,-9,1,25,kg,k,year,cm,NA,55.9131092,0.356,35.5,-9,-9,-9
SI,UKE,2019,Quarter,1,HM-ALL,Div,27.6.a,NA,HOM,NA,B,A,NA,H,NA,NA,t,3.768,-9,-9,NA,J.E.BALL,ENG_2019_HM-ALL_HOM
HI,UKE,2019,Quarter,2,HM-ALL,Div,27.6.a,NA,NA,-9,NA
SI,UKE,2019,Quarter,2,HM-ALL,Div,27.6.a,NA,HOM,NA,L,A,NA,H,NA,NA,t,95.323,-9,-9,NA,J.E.BALL,ENG_2019_HM-ALL_HOM
SI,UKE,2019,Quarter,2,HM-ALL,Div,27.6.a,NA,HOM,NA,B,A,NA,H,NA,NA,t,0.309,-9,-9,NA,J.E.BALL,ENG_2019_HM-ALL_HOM
HI,UKE,2019,Quarter,4,HM-ALL,Div,27.6.a,NA,NA,-9,NA
SI,UKE,2019,Quarter,4,HM-ALL,Div,27.6.a,NA,HOM,NA,L,A,NA,H,NA,NA,t,432.734,-9,-9,NA,J.E.BALL,ENG_2019_HM-ALL_HOM
SD,UKE,2019,Quarter,4,HM-ALL,Div,27.6.a,NA,HOM,NA,L,A,N,Age,3,-9, -9,-9,-9,2,44,kg,k,year,cm,NA,18.27317232,0.226,29.5,-9,-9,-9
SD,UKE,2019,Quarter,4,HM-ALL,Div,27.6.a,NA,HOM,NA,L,A,N,Age,4,-9, -9,-9,-9,2,44,kg,k,year,cm,NA,160.1440519,0.225187005,29.07052298,-9,-9,-9
SD,UKE,2019,Quarter,4,HM-ALL,Div,27.6.a,NA,HOM,NA,L,A,N,Age,5,-9, -9,-9,-9,2,44,kg,k,year,cm,NA,154.3067885,0.225006579,29.73684211,-9,-9,-9
SD,UKE,2019,Quarter,4,HM-ALL,Div,27.6.a,NA,HOM,NA,L,A,N,Age,6,-9, -9,-9,-9,2,44,kg,k,year,cm,NA,157.8599053,0.267237942,31.11575563,-9,-9,-9
SD,UKE,2019,Quarter,4,HM-ALL,Div,27.6.a,NA,HOM,NA,L,A,N,Age,7,-9, -9,-9,-9,2,44,kg,k,year,cm,NA,181.970341,0.322995816,33.56834031,-9,-9,-9
SD,UKE,2019,Quarter,4,HM-ALL,Div,27.6.a,NA,HOM,NA,L,A,N,Age,9,-9, -9,-9,-9,2,44,kg,k,year,cm,NA,18.27317232,0.357,34.5,-9,-9,-9
SD,UKE,2019,Quarter,4,HM-ALL,Div,27.6.a,NA,HOM,NA,L,A,N,Age,10,-9, -9,-9,-9,2,44,kg,k,year,cm,NA,115.4762973,0.395868132,34.6010989,-9,-9,-9
SD,UKE,2019,Quarter,4,HM-ALL,Div,27.6.a,NA,HOM,NA,L,A,N,Age,11,-9, -9,-9,-9,2,44,kg,k,year,cm,NA,375.6152088,0.336988514,33.83851351,-9,-9,-9
SD,UKE,2019,Quarter,4,HM-ALL,Div,27.6.a,NA,HOM,NA,L,A,N,Age,12,-9, -9,-9,-9,2,44,kg,k,year,cm,NA,18.27317232,0.379,35.5,-9,-9,-9
SD,UKE,2019,Quarter,4,HM-ALL,Div,27.6.a,NA,HOM,NA,L,A,N,Age,15,-9, -9,-9,-9,2,44,kg,k,year,cm,NA,211.9180401,0.3356,34.9,-9,-9,-9
SI,UKE,2019,Quarter,4,HM-ALL,Div,27.6.a,NA,HOM,NA,B,A,NA,H,NA,NA,t,0,-9,-9,NA,J.E.BALL,ENG_2019_HM-ALL_HOM
HI,UKE,2019,Quarter,1,HM-ALL,Div,27.7.b,NA,NA,-9,NA
SI,UKE,2019,Quarter,1,HM-ALL,Div,27.7.b,NA,HOM,NA,L,A,NA,H,NA,NA,t,5.795,-9,-9,NA,J.E.BALL,ENG_2019_HM-ALL_HOM
SI,UKE,2019,Quarter,1,HM-ALL,Div,27.7.b,NA,HOM,NA,B,A,NA,H,NA,NA,t,0.311,-9,-9,NA,J.E.BALL,ENG_2019_HM-ALL_HOM
HI,UKE,2019,Quarter,2,HM-ALL,Div,27.7.b,NA,NA,-9,NA
SI,UKE,2019,Quarter,2,HM-ALL,Div,27.7.b,NA,HOM,NA,L,A,NA,H,NA,NA,t,185.243,-9,-9,NA,J.E.BALL,ENG_2019_HM-ALL_HOM
SI,UKE,2019,Quarter,2,HM-ALL,Div,27.7.b,NA,HOM,NA,B,A,NA,H,NA,NA,t,0.061,-9,-9,NA,J.E.BALL,ENG_2019_HM-ALL_HOM
HI,UKE,2019,Quarter,3,HM-ALL,Div,27.7.b,NA,NA,-9,NA
SI,UKE,2019,Quarter,3,HM-ALL,Div,27.7.b,NA,HOM,NA,L,A,NA,H,NA,NA,t,1.523,-9,-9,NA,J.E.BALL,ENG_2019_HM-ALL_HOM
SD,UKE,2019,Quarter,3,HM-ALL,Div,27.7.b,NA,HOM,NA,L,A,N,Age,4,-9, -9,-9,-9,3,75,kg,k,year,cm,NA,3.545107275,0.190561753,27.94422311,-9,-9,-9
SD,UKE,2019,Quarter,3,HM-ALL,Div,27.7.b,NA,HOM,NA,L,A,N,Age,5,-9, -9,-9,-9,3,75,kg,k,year,cm,NA,2.526166368,0.198715655,28.16972843,-9,-9,-9
SD,UKE,2019,Quarter,3,HM-ALL,Div,27.7.b,NA,HOM,NA,L,A,N,Age,6,-9, -9,-9,-9,3,75,kg,k,year,cm,NA,0.307699977,0.226321311,29.78196721,-9,-9,-9
SD,UKE,2019,Quarter,3,HM-ALL,Div,27.7.b,NA,HOM,NA,L,A,N,Age,7,-9, -9,-9,-9,3,75,kg,k,year,cm,NA,0.415647182,0.298145631,32.23058252,-9,-9,-9
SD,UKE,2019,Quarter,3,HM-ALL,Div,27.7.b,NA,HOM,NA,L,A,N,Age,9,-9, -9,-9,-9,3,75,kg,k,year,cm,NA,0.0635577,0.384,35.5,-9,-9,-9
SD,UKE,2019,Quarter,3,HM-ALL,Div,27.7.b,NA,HOM,NA,L,A,N,Age,10,-9, -9,-9,-9,3,75,kg,k,year,cm,NA,0.235062605,0.241497854,30.74892704,-9,-9,-9
SD,UKE,2019,Quarter,3,HM-ALL,Div,27.7.b,NA,HOM,NA,L,A,N,Age,11,-9, -9,-9,-9,3,75,kg,k,year,cm,NA,0.117026876,0.29,34.5,-9,-9,-9
SD,UKE,2019,Quarter,3,HM-ALL,Div,27.7.b,NA,HOM,NA,L,A,N,Age,15,-9, -9,-9,-9,3,75,kg,k,year,cm,NA,0.122071138,0.300446281,34.06198347,-9,-9,-9
SI,UKE,2019,Quarter,3,HM-ALL,Div,27.7.b,NA,HOM,NA,B,A,NA,H,NA,NA,t,0,-9,-9,NA,J.E.BALL,ENG_2019_HM-ALL_HOM
HI,UKE,2019,Quarter,1,HM-ALL,Div,27.7.c,NA,NA,-9,NA
SI,UKE,2019,Quarter,1,HM-ALL,Div,27.7.c,NA,HOM,NA,L,A,NA,H,NA,NA,t,7.45,-9,-9,NA,J.E.BALL,ENG_2019_HM-ALL_HOM
SI,UKE,2019,Quarter,1,HM-ALL,Div,27.7.c,NA,HOM,NA,B,A,NA,H,NA,NA,t,0,-9,-9,NA,J.E.BALL,ENG_2019_HM-ALL_HOM
HI,UKE,2019,Quarter,1,HM-ALL,Div,27.7.d,NA,NA,-9,NA
SI,UKE,2019,Quarter,1,HM-ALL,Div,27.7.d,NA,HOM,NA,L,A,NA,H,NA,NA,t,1288.918,-9,-9,NA,J.E.BALL,ENG_2019_HM-ALL_HOM
SD,UKE,2019,Quarter,1,HM-ALL,Div,27.7.d,NA,HOM,NA,L,A,N,Age,2,-9, -9,-9,-9,9,224,kg,k,year,cm,NA,240.3390883,0.069223301,20.49029126,-9,-9,-9
SD,UKE,2019,Quarter,1,HM-ALL,Div,27.7.d,NA,HOM,NA,L,A,N,Age,3,-9, -9,-9,-9,9,224,kg,k,year,cm,NA,1437.108486,0.085693126,21.95913765,-9,-9,-9
SD,UKE,2019,Quarter,1,HM-ALL,Div,27.7.d,NA,HOM,NA,L,A,N,Age,4,-9, -9,-9,-9,9,224,kg,k,year,cm,NA,1010.476356,0.126413924,24.42426688,-9,-9,-9
SD,UKE,2019,Quarter,1,HM-ALL,Div,27.7.d,NA,HOM,NA,L,A,N,Age,5,-9, -9,-9,-9,9,224,kg,k,year,cm,NA,4591.947918,0.151725569,25.72059505,-9,-9,-9
SD,UKE,2019,Quarter,1,HM-ALL,Div,27.7.d,NA,HOM,NA,L,A,N,Age,6,-9, -9,-9,-9,9,224,kg,k,year,cm,NA,720.4987339,0.178967974,27.07610651,-9,-9,-9
SD,UKE,2019,Quarter,1,HM-ALL,Div,27.7.d,NA,HOM,NA,L,A,N,Age,7,-9, -9,-9,-9,9,224,kg,k,year,cm,NA,183.1170391,0.187804082,26.91667158,-9,-9,-9
SD,UKE,2019,Quarter,1,HM-ALL,Div,27.7.d,NA,HOM,NA,L,A,N,Age,8,-9, -9,-9,-9,9,224,kg,k,year,cm,NA,337.1963458,0.218948292,28.52306657,-9,-9,-9
SD,UKE,2019,Quarter,1,HM-ALL,Div,27.7.d,NA,HOM,NA,L,A,N,Age,9,-9, -9,-9,-9,9,224,kg,k,year,cm,NA,106.3744607,0.195910937,28.71762973,-9,-9,-9
SD,UKE,2019,Quarter,1,HM-ALL,Div,27.7.d,NA,HOM,NA,L,A,N,Age,10,-9, -9,-9,-9,9,224,kg,k,year,cm,NA,94.11336467,0.235528926,29.5,-9,-9,-9
SD,UKE,2019,Quarter,1,HM-ALL,Div,27.7.d,NA,HOM,NA,L,A,N,Age,11,-9, -9,-9,-9,9,224,kg,k,year,cm,NA,92.03924093,0.235408451,30.5,-9,-9,-9
SD,UKE,2019,Quarter,1,HM-ALL,Div,27.7.d,NA,HOM,NA,L,A,N,Age,12,-9, -9,-9,-9,9,224,kg,k,year,cm,NA,54.70501362,0.28357346,32.5,-9,-9,-9
SD,UKE,2019,Quarter,1,HM-ALL,Div,27.7.d,NA,HOM,NA,L,A,N,Age,13,-9, -9,-9,-9,9,224,kg,k,year,cm,NA,26.44507767,0.277,31.5,-9,-9,-9
SI,UKE,2019,Quarter,1,HM-ALL,Div,27.7.d,NA,HOM,NA,B,A,NA,H,NA,NA,t,1.656,-9,-9,NA,J.E.BALL,ENG_2019_HM-ALL_HOM
HI,UKE,2019,Quarter,2,HM-ALL,Div,27.7.d,NA,NA,-9,NA
SI,UKE,2019,Quarter,2,HM-ALL,Div,27.7.d,NA,HOM,NA,L,A,NA,H,NA,NA,t,13.512,-9,-9,NA,J.E.BALL,ENG_2019_HM-ALL_HOM
SI,UKE,2019,Quarter,2,HM-ALL,Div,27.7.d,NA,HOM,NA,B,A,NA,H,NA,NA,t,0,-9,-9,NA,J.E.BALL,ENG_2019_HM-ALL_HOM
SI,UKE,2019,Quarter,2,HM-ALL,Div,27.7.d,NA,HOM,NA,D,A,NA,H,O,NA,t,0.036,-9,-9,NA,J.E.BALL,ENG_2019_HM-ALL_HOM
HI,UKE,2019,Quarter,3,HM-ALL,Div,27.7.d,NA,NA,-9,NA
SI,UKE,2019,Quarter,3,HM-ALL,Div,27.7.d,NA,HOM,NA,L,A,NA,H,NA,NA,t,4.141,-9,-9,NA,J.E.BALL,ENG_2019_HM-ALL_HOM
SI,UKE,2019,Quarter,3,HM-ALL,Div,27.7.d,NA,HOM,NA,B,A,NA,H,NA,NA,t,0,-9,-9,NA,J.E.BALL,ENG_2019_HM-ALL_HOM
HI,UKE,2019,Quarter,4,HM-ALL,Div,27.7.d,NA,NA,-9,NA
SI,UKE,2019,Quarter,4,HM-ALL,Div,27.7.d,NA,HOM,NA,L,A,NA,H,NA,NA,t,1629.809,-9,-9,NA,J.E.BALL,ENG_2019_HM-ALL_HOM
SI,UKE,2019,Quarter,4,HM-ALL,Div,27.7.d,NA,HOM,NA,B,A,NA,H,NA,NA,t,0,-9,-9,NA,J.E.BALL,ENG_2019_HM-ALL_HOM
SI,UKE,2019,Quarter,4,HM-ALL,Div,27.7.d,NA,HOM,NA,D,A,NA,H,O,NA,t,0.192,-9,-9,NA,J.E.BALL,ENG_2019_HM-ALL_HOM
HI,UKE,2019,Quarter,1,HM-ALL,Div,27.7.e,NA,NA,-9,NA
SI,UKE,2019,Quarter,1,HM-ALL,Div,27.7.e,NA,HOM,NA,L,A,NA,H,NA,NA,t,999.781,-9,-9,NA,J.E.BALL,ENG_2019_HM-ALL_HOM
SD,UKE,2019,Quarter,1,HM-ALL,Div,27.7.e,NA,HOM,NA,L,A,N,Age,2,-9, -9,-9,-9,3,75,kg,k,year,cm,NA,549.0091588,0.04662963,18.81481481,-9,-9,-9
SD,UKE,2019,Quarter,1,HM-ALL,Div,27.7.e,NA,HOM,NA,L,A,N,Age,3,-9, -9,-9,-9,3,75,kg,k,year,cm,NA,2074.0346,0.07625,22.16666667,-9,-9,-9
SD,UKE,2019,Quarter,1,HM-ALL,Div,27.7.e,NA,HOM,NA,L,A,N,Age,4,-9, -9,-9,-9,3,75,kg,k,year,cm,NA,1269.930276,0.122521834,25.80058224,-9,-9,-9
SD,UKE,2019,Quarter,1,HM-ALL,Div,27.7.e,NA,HOM,NA,L,A,N,Age,5,-9, -9,-9,-9,3,75,kg,k,year,cm,NA,4525.1664,0.126667484,26.02839052,-9,-9,-9
SD,UKE,2019,Quarter,1,HM-ALL,Div,27.7.e,NA,HOM,NA,L,A,N,Age,6,-9, -9,-9,-9,3,75,kg,k,year,cm,NA,554.5547059,0.157333333,27.83333333,-9,-9,-9
SI,UKE,2019,Quarter,1,HM-ALL,Div,27.7.e,NA,HOM,NA,B,A,NA,H,NA,NA,t,0.729,-9,-9,NA,J.E.BALL,ENG_2019_HM-ALL_HOM
SI,UKE,2019,Quarter,1,HM-ALL,Div,27.7.e,NA,HOM,NA,D,A,NA,H,O,NA,t,0.433,-9,-9,NA,J.E.BALL,ENG_2019_HM-ALL_HOM
HI,UKE,2019,Quarter,2,HM-ALL,Div,27.7.e,NA,NA,-9,NA
SI,UKE,2019,Quarter,2,HM-ALL,Div,27.7.e,NA,HOM,NA,L,A,NA,H,NA,NA,t,0.597,-9,-9,NA,J.E.BALL,ENG_2019_HM-ALL_HOM
SI,UKE,2019,Quarter,2,HM-ALL,Div,27.7.e,NA,HOM,NA,B,A,NA,H,NA,NA,t,0,-9,-9,NA,J.E.BALL,ENG_2019_HM-ALL_HOM
SI,UKE,2019,Quarter,2,HM-ALL,Div,27.7.e,NA,HOM,NA,D,A,NA,H,O,NA,t,4.148,-9,-9,NA,J.E.BALL,ENG_2019_HM-ALL_HOM
HI,UKE,2019,Quarter,3,HM-ALL,Div,27.7.e,NA,NA,-9,NA
SI,UKE,2019,Quarter,3,HM-ALL,Div,27.7.e,NA,HOM,NA,L,A,NA,H,NA,NA,t,6.858,-9,-9,NA,J.E.BALL,ENG_2019_HM-ALL_HOM
SI,UKE,2019,Quarter,3,HM-ALL,Div,27.7.e,NA,HOM,NA,B,A,NA,H,NA,NA,t,0,-9,-9,NA,J.E.BALL,ENG_2019_HM-ALL_HOM
SI,UKE,2019,Quarter,3,HM-ALL,Div,27.7.e,NA,HOM,NA,D,A,NA,H,O,NA,t,0.69,-9,-9,NA,J.E.BALL,ENG_2019_HM-ALL_HOM
HI,UKE,2019,Quarter,4,HM-ALL,Div,27.7.e,NA,NA,-9,NA
SI,UKE,2019,Quarter,4,HM-ALL,Div,27.7.e,NA,HOM,NA,L,A,NA,H,NA,NA,t,0.478,-9,-9,NA,J.E.BALL,ENG_2019_HM-ALL_HOM
SI,UKE,2019,Quarter,4,HM-ALL,Div,27.7.e,NA,HOM,NA,B,A,NA,H,NA,NA,t,0,-9,-9,NA,J.E.BALL,ENG_2019_HM-ALL_HOM
SI,UKE,2019,Quarter,4,HM-ALL,Div,27.7.e,NA,HOM,NA,D,A,NA,H,O,NA,t,4.421,-9,-9,NA,J.E.BALL,ENG_2019_HM-ALL_HOM
HI,UKE,2019,Quarter,1,HM-ALL,Div,27.7.f,NA,NA,-9,NA
SI,UKE,2019,Quarter,1,HM-ALL,Div,27.7.f,NA,HOM,NA,L,A,NA,H,NA,NA,t,0.005,-9,-9,NA,J.E.BALL,ENG_2019_HM-ALL_HOM
SI,UKE,2019,Quarter,1,HM-ALL,Div,27.7.f,NA,HOM,NA,B,A,NA,H,NA,NA,t,0,-9,-9,NA,J.E.BALL,ENG_2019_HM-ALL_HOM
SI,UKE,2019,Quarter,1,HM-ALL,Div,27.7.f,NA,HOM,NA,D,A,NA,H,O,NA,t,0.12,-9,-9,NA,J.E.BALL,ENG_2019_HM-ALL_HOM
HI,UKE,2019,Quarter,2,HM-ALL,Div,27.7.f,NA,NA,-9,NA
SI,UKE,2019,Quarter,2,HM-ALL,Div,27.7.f,NA,HOM,NA,L,A,NA,H,NA,NA,t,0,-9,-9,NA,J.E.BALL,ENG_2019_HM-ALL_HOM
SI,UKE,2019,Quarter,2,HM-ALL,Div,27.7.f,NA,HOM,NA,B,A,NA,H,NA,NA,t,0,-9,-9,NA,J.E.BALL,ENG_2019_HM-ALL_HOM
HI,UKE,2019,Quarter,3,HM-ALL,Div,27.7.f,NA,NA,-9,NA
SI,UKE,2019,Quarter,3,HM-ALL,Div,27.7.f,NA,HOM,NA,L,A,NA,H,NA,NA,t,46.018,-9,-9,NA,J.E.BALL,ENG_2019_HM-ALL_HOM
SI,UKE,2019,Quarter,3,HM-ALL,Div,27.7.f,NA,HOM,NA,B,A,NA,H,NA,NA,t,0,-9,-9,NA,J.E.BALL,ENG_2019_HM-ALL_HOM
HI,UKE,2019,Quarter,4,HM-ALL,Div,27.7.f,NA,NA,-9,NA
SI,UKE,2019,Quarter,4,HM-ALL,Div,27.7.f,NA,HOM,NA,L,A,NA,H,NA,NA,t,1.38,-9,-9,NA,J.E.BALL,ENG_2019_HM-ALL_HOM
SI,UKE,2019,Quarter,4,HM-ALL,Div,27.7.f,NA,HOM,NA,B,A,NA,H,NA,NA,t,0,-9,-9,NA,J.E.BALL,ENG_2019_HM-ALL_HOM
HI,UKE,2019,Quarter,3,HM-ALL,Div,27.7.g,NA,NA,-9,NA
SI,UKE,2019,Quarter,3,HM-ALL,Div,27.7.g,NA,HOM,NA,L,A,NA,H,NA,NA,t,1.91,-9,-9,NA,J.E.BALL,ENG_2019_HM-ALL_HOM
SI,UKE,2019,Quarter,3,HM-ALL,Div,27.7.g,NA,HOM,NA,B,A,NA,H,NA,NA,t,0,-9,-9,NA,J.E.BALL,ENG_2019_HM-ALL_HOM
HI,UKE,2019,Quarter,4,HM-ALL,Div,27.7.g,NA,NA,-9,NA
SI,UKE,2019,Quarter,4,HM-ALL,Div,27.7.g,NA,HOM,NA,L,A,NA,H,NA,NA,t,1.57,-9,-9,NA,J.E.BALL,ENG_2019_HM-ALL_HOM
SI,UKE,2019,Quarter,4,HM-ALL,Div,27.7.g,NA,HOM,NA,B,A,NA,H,NA,NA,t,0,-9,-9,NA,J.E.BALL,ENG_2019_HM-ALL_HOM
SI,UKE,2019,Quarter,4,HM-ALL,Div,27.7.g,NA,HOM,NA,D,A,NA,H,O,NA,t,0.141,-9,-9,NA,J.E.BALL,ENG_2019_HM-ALL_HOM
HI,UKE,2019,Quarter,1,HM-ALL,Div,27.7.h,NA,NA,-9,NA
SI,UKE,2019,Quarter,1,HM-ALL,Div,27.7.h,NA,HOM,NA,L,A,NA,H,NA,NA,t,277.44,-9,-9,NA,J.E.BALL,ENG_2019_HM-ALL_HOM
SD,UKE,2019,Quarter,1,HM-ALL,Div,27.7.h,NA,HOM,NA,L,A,N,Age,3,-9, -9,-9,-9,1,25,kg,k,year,cm,NA,324.3221027,0.08139172,22.47770701,-9,-9,-9
SD,UKE,2019,Quarter,1,HM-ALL,Div,27.7.h,NA,HOM,NA,L,A,N,Age,4,-9, -9,-9,-9,1,25,kg,k,year,cm,NA,737.4712781,0.097452381,23.7605042,-9,-9,-9
SD,UKE,2019,Quarter,1,HM-ALL,Div,27.7.h,NA,HOM,NA,L,A,N,Age,5,-9, -9,-9,-9,1,25,kg,k,year,cm,NA,1563.769629,0.1145786,25.42007926,-9,-9,-9
SI,UKE,2019,Quarter,1,HM-ALL,Div,27.7.h,NA,HOM,NA,B,A,NA,H,NA,NA,t,0.364,-9,-9,NA,J.E.BALL,ENG_2019_HM-ALL_HOM
HI,UKE,2019,Quarter,3,HM-ALL,Div,27.7.h,NA,NA,-9,NA
SI,UKE,2019,Quarter,3,HM-ALL,Div,27.7.h,NA,HOM,NA,L,A,NA,H,NA,NA,t,0.089,-9,-9,NA,J.E.BALL,ENG_2019_HM-ALL_HOM
SI,UKE,2019,Quarter,3,HM-ALL,Div,27.7.h,NA,HOM,NA,B,A,NA,H,NA,NA,t,0,-9,-9,NA,J.E.BALL,ENG_2019_HM-ALL_HOM
HI,UKE,2019,Quarter,4,HM-ALL,Div,27.7.h,NA,NA,-9,NA
SI,UKE,2019,Quarter,4,HM-ALL,Div,27.7.h,NA,HOM,NA,L,A,NA,H,NA,NA,t,0.644,-9,-9,NA,J.E.BALL,ENG_2019_HM-ALL_HOM
SI,UKE,2019,Quarter,4,HM-ALL,Div,27.7.h,NA,HOM,NA,B,A,NA,H,NA,NA,t,0,-9,-9,NA,J.E.BALL,ENG_2019_HM-ALL_HOM
HI,UKE,2019,Quarter,1,HM-ALL,Div,27.7.j,NA,NA,-9,NA
SI,UKE,2019,Quarter,1,HM-ALL,Div,27.7.j,NA,HOM,NA,L,A,NA,H,NA,NA,t,12.043,-9,-9,NA,J.E.BALL,ENG_2019_HM-ALL_HOM
SI,UKE,2019,Quarter,1,HM-ALL,Div,27.7.j,NA,HOM,NA,B,A,NA,H,NA,NA,t,0,-9,-9,NA,J.E.BALL,ENG_2019_HM-ALL_HOM
HI,UKE,2019,Quarter,2,HM-ALL,Div,27.7.j,NA,NA,-9,NA
SI,UKE,2019,Quarter,2,HM-ALL,Div,27.7.j,NA,HOM,NA,L,A,NA,H,NA,NA,t,215.232,-9,-9,NA,J.E.BALL,ENG_2019_HM-ALL_HOM
SI,UKE,2019,Quarter,2,HM-ALL,Div,27.7.j,NA,HOM,NA,B,A,NA,H,NA,NA,t,0.469,-9,-9,NA,J.E.BALL,ENG_2019_HM-ALL_HOM
HI,UKE,2019,Quarter,3,HM-ALL,Div,27.7.j,NA,NA,-9,NA
SI,UKE,2019,Quarter,3,HM-ALL,Div,27.7.j,NA,HOM,NA,L,A,NA,H,NA,NA,t,1094.965,-9,-9,NA,J.E.BALL,ENG_2019_HM-ALL_HOM
SD,UKE,2019,Quarter,3,HM-ALL,Div,27.7.j,NA,HOM,NA,L,A,N,Age,3,-9, -9,-9,-9,8,197,kg,k,year,cm,NA,72.85906366,0.184373748,27.61491829,-9,-9,-9
SD,UKE,2019,Quarter,3,HM-ALL,Div,27.7.j,NA,HOM,NA,L,A,N,Age,4,-9, -9,-9,-9,8,197,kg,k,year,cm,NA,1937.836011,0.203029278,28.24772568,-9,-9,-9
SD,UKE,2019,Quarter,3,HM-ALL,Div,27.7.j,NA,HOM,NA,L,A,N,Age,5,-9, -9,-9,-9,8,197,kg,k,year,cm,NA,2183.137154,0.201409445,28.07053134,-9,-9,-9
SD,UKE,2019,Quarter,3,HM-ALL,Div,27.7.j,NA,HOM,NA,L,A,N,Age,6,-9, -9,-9,-9,8,197,kg,k,year,cm,NA,445.7499847,0.236145393,29.88149891,-9,-9,-9
SD,UKE,2019,Quarter,3,HM-ALL,Div,27.7.j,NA,HOM,NA,L,A,N,Age,7,-9, -9,-9,-9,8,197,kg,k,year,cm,NA,51.97305479,0.249026308,30.88663908,-9,-9,-9
SD,UKE,2019,Quarter,3,HM-ALL,Div,27.7.j,NA,HOM,NA,L,A,N,Age,9,-9, -9,-9,-9,8,197,kg,k,year,cm,NA,75.19424082,0.284231995,32.61798958,-9,-9,-9
SD,UKE,2019,Quarter,3,HM-ALL,Div,27.7.j,NA,HOM,NA,L,A,N,Age,10,-9, -9,-9,-9,8,197,kg,k,year,cm,NA,135.7475354,0.298277671,32.78140561,-9,-9,-9
SD,UKE,2019,Quarter,3,HM-ALL,Div,27.7.j,NA,HOM,NA,L,A,N,Age,11,-9, -9,-9,-9,8,197,kg,k,year,cm,NA,106.3581018,0.282371226,32.52693919,-9,-9,-9
SD,UKE,2019,Quarter,3,HM-ALL,Div,27.7.j,NA,HOM,NA,L,A,N,Age,13,-9, -9,-9,-9,8,197,kg,k,year,cm,NA,18.80432133,0.313,34.5,-9,-9,-9
SD,UKE,2019,Quarter,3,HM-ALL,Div,27.7.j,NA,HOM,NA,L,A,N,Age,15,-9, -9,-9,-9,8,197,kg,k,year,cm,NA,91.78628905,0.353038162,34.79525483,-9,-9,-9
SI,UKE,2019,Quarter,3,HM-ALL,Div,27.7.j,NA,HOM,NA,B,A,NA,H,NA,NA,t,0.781,-9,-9,NA,J.E.BALL,ENG_2019_HM-ALL_HOM
HI,UKE,2019,Quarter,1,HM-ALL,Div,27.8.a,NA,NA,-9,NA
SI,UKE,2019,Quarter,1,HM-ALL,Div,27.8.a,NA,HOM,NA,L,A,NA,H,NA,NA,t,342.598,-9,-9,NA,J.E.BALL,ENG_2019_HM-ALL_HOM
SD,UKE,2019,Quarter,1,HM-ALL,Div,27.8.a,NA,HOM,NA,L,A,N,Age,7,-9, -9,-9,-9,2,50,kg,k,year,cm,NA,99.10555095,0.322531148,34.42240437,-9,-9,-9
SD,UKE,2019,Quarter,1,HM-ALL,Div,27.8.a,NA,HOM,NA,L,A,N,Age,8,-9, -9,-9,-9,2,50,kg,k,year,cm,NA,105.2793394,0.328641975,34.72633745,-9,-9,-9
SD,UKE,2019,Quarter,1,HM-ALL,Div,27.8.a,NA,HOM,NA,L,A,N,Age,9,-9, -9,-9,-9,2,50,kg,k,year,cm,NA,82.75042724,0.421979058,37.36387435,-9,-9,-9
SD,UKE,2019,Quarter,1,HM-ALL,Div,27.8.a,NA,HOM,NA,L,A,N,Age,10,-9, -9,-9,-9,2,50,kg,k,year,cm,NA,105.2793394,0.349160494,35.41769547,-9,-9,-9
SD,UKE,2019,Quarter,1,HM-ALL,Div,27.8.a,NA,HOM,NA,L,A,N,Age,11,-9, -9,-9,-9,2,50,kg,k,year,cm,NA,223.1228797,0.436491262,37.71941748,-9,-9,-9
SD,UKE,2019,Quarter,1,HM-ALL,Div,27.8.a,NA,HOM,NA,L,A,N,Age,12,-9, -9,-9,-9,2,50,kg,k,year,cm,NA,94.01488331,0.40521659,36.63364055,-9,-9,-9
SD,UKE,2019,Quarter,1,HM-ALL,Div,27.8.a,NA,HOM,NA,L,A,N,Age,13,-9, -9,-9,-9,2,50,kg,k,year,cm,NA,22.52891213,0.5005,39,-9,-9,-9
SD,UKE,2019,Quarter,1,HM-ALL,Div,27.8.a,NA,HOM,NA,L,A,N,Age,14,-9, -9,-9,-9,2,50,kg,k,year,cm,NA,11.26445606,0.464,38.5,-9,-9,-9
SD,UKE,2019,Quarter,1,HM-ALL,Div,27.8.a,NA,HOM,NA,L,A,N,Age,15,-9, -9,-9,-9,2,50,kg,k,year,cm,NA,129.1079964,0.40559396,37.34563758,-9,-9,-9
SI,UKE,2019,Quarter,1,HM-ALL,Div,27.8.a,NA,HOM,NA,B,A,NA,H,NA,NA,t,1.806,-9,-9,NA,J.E.BALL,ENG_2019_HM-ALL_HOM
