"period","subarea","land_mnth","ship","quadrant","spawner","sex","age","regwght","yrcls","lengthgrp","countW","N"
"February","6.a",2,"H171","43E0","N","U",5,0.141,2014,26.5,0.0230508474576271,25.5042719655542
"February","6.a",2,"H171","43E0","N","U",5,0.206,2014,29.5,0.0169491525423729,18.7531411511428
"February","6.a",2,"H171","43E0","N","U",6,0.208,2013,30.5,0.0169491525423729,18.7531411511428
"February","6.a",2,"H171","43E0","N","U",5,0.134,2014,26.5,0.0230508474576271,25.5042719655542
"February","6.a",2,"H171","43E0","N","U",6,0.172,2013,28.5,0.0169491525423729,18.7531411511428
"February","6.a",2,"H171","43E0","N","U",5,0.14,2014,26.5,0.0230508474576271,25.5042719655542
"February","6.a",2,"H171","43E0","N","U",5,0.173,2014,28.5,0.0169491525423729,18.7531411511428
"February","6.a",2,"H171","43E0","N","U",5,0.2,2014,28.5,0.0169491525423729,18.7531411511428
"February","6.a",2,"H171","43E0","N","U",8,0.321,2011,31.5,0.0169491525423729,18.7531411511428
"February","6.a",2,"H171","43E0","N","U",15,0.356,2004,35.5,0.0169491525423729,18.7531411511428
"February","6.a",2,"H171","43E0","N","U",11,0.229,2008,30.5,0.0169491525423729,18.7531411511428
"February","6.a",2,"H171","43E0","N","U",6,0.18,2013,29.5,0.0169491525423729,18.7531411511428
"February","6.a",2,"H171","43E0","N","U",5,0.139,2014,25.5,0.0230508474576271,25.5042719655542
"February","6.a",2,"H171","43E0","N","U",5,0.184,2014,28.5,0.0169491525423729,18.7531411511428
"February","6.a",2,"H171","43E0","N","U",5,0.149,2014,27.5,0.0169491525423729,18.7531411511428
"February","6.a",2,"H171","43E0","N","U",5,0.148,2014,27.5,0.0169491525423729,18.7531411511428
"February","6.a",2,"H171","43E0","N","U",5,0.145,2014,27.5,0.0169491525423729,18.7531411511428
"February","6.a",2,"H171","43E0","N","U",5,0.159,2014,27.5,0.0169491525423729,18.7531411511428
"February","6.a",2,"H171","43E0","N","U",6,0.166,2013,27.5,0.0169491525423729,18.7531411511428
"February","6.a",2,"H171","43E0","N","U",7,0.269,2012,31.5,0.0169491525423729,18.7531411511428
"February","6.a",2,"H171","43E0","N","U",10,0.335,2009,34.5,0.0169491525423729,18.7531411511428
"February","6.a",2,"H171","43E0","N","U",6,0.254,2013,31.5,0.0169491525423729,18.7531411511428
"February","6.a",2,"H171","43E0","N","U",7,0.271,2012,31.5,0.0169491525423729,18.7531411511428
"February","6.a",2,"H171","43E0","N","U",6,0.252,2013,31.5,0.0169491525423729,18.7531411511428
"February","6.a",2,"H171","43E0","N","U",6,0.202,2013,30.5,0.0169491525423729,18.7531411511428
"February","7.e",2,"PH1100","28E3","N","U",4,0.128,2015,26.5,0.0131795716639209,18.4892096972207
"February","7.e",2,"PH1100","28E3","N","U",5,0.127,2014,26.5,0.0131795716639209,18.4892096972207
"February","7.e",2,"PH1100","28E3","N","U",5,0.115,2014,25.5,0.0131795716639209,18.4892096972207
"February","7.e",2,"PH1100","28E3","N","U",5,0.125,2014,26.5,0.0131795716639209,18.4892096972207
"February","7.e",2,"PH1100","28E3","N","U",4,0.134,2015,26.5,0.0131795716639209,18.4892096972207
"February","7.e",2,"PH1100","28E3","N","U",6,0.124,2013,26.5,0.0131795716639209,18.4892096972207
"February","7.e",2,"PH1100","28E3","N","U",6,0.206,2013,29.5,0.0131795716639209,18.4892096972207
"February","7.e",2,"PH1100","28E3","N","U",5,0.127,2014,25.5,0.0131795716639209,18.4892096972207
"February","7.e",2,"PH1100","28E3","N","U",5,0.119,2014,25.5,0.0131795716639209,18.4892096972207
"February","7.e",2,"PH1100","28E3","N","U",5,0.102,2014,25.5,0.0131795716639209,18.4892096972207
"February","7.e",2,"PH1100","28E3","N","U",4,0.125,2015,26.5,0.0131795716639209,18.4892096972207
"February","7.e",2,"PH1100","28E3","N","U",5,0.137,2014,26.5,0.0131795716639209,18.4892096972207
"February","7.e",2,"PH1100","28E3","N","U",5,0.204,2014,28.5,0.0131795716639209,18.4892096972207
"February","7.e",2,"PH1100","28E3","N","U",5,0.128,2014,26.5,0.0131795716639209,18.4892096972207
"February","7.e",2,"PH1100","28E3","N","U",5,0.127,2014,26.5,0.0131795716639209,18.4892096972207
"February","7.e",2,"PH1100","28E3","N","U",4,0.118,2015,24.5,0.0131795716639209,18.4892096972207
"February","7.e",2,"PH1100","28E3","N","U",5,0.112,2014,24.5,0.0131795716639209,18.4892096972207
"February","7.e",2,"PH1100","28E3","N","U",5,0.113,2014,25.5,0.0131795716639209,18.4892096972207
"February","7.e",2,"PH1100","28E3","N","U",5,0.131,2014,26.5,0.0131795716639209,18.4892096972207
"February","7.e",2,"PH1100","28E3","N","U",5,0.141,2014,27.5,0.0131795716639209,18.4892096972207
"February","7.e",2,"PH1100","28E3","N","U",6,0.142,2013,27.5,0.0131795716639209,18.4892096972207
"February","7.e",2,"PH1100","28E3","N","U",4,0.117,2015,26.5,0.0131795716639209,18.4892096972207
"February","7.e",2,"PH1100","28E3","N","U",5,0.109,2014,24.5,0.0131795716639209,18.4892096972207
"February","7.e",2,"PH1100","28E3","N","U",5,0.134,2014,27.5,0.0131795716639209,18.4892096972207
"February","7.e",2,"PH1100","28E3","N","U",5,0.141,2014,26.5,0.0131795716639209,18.4892096972207
"February","7.e",2,"PH1100","28E3","N","U",4,0.125,2015,25.5,0.0123228995057661,17.2874110669014
"February","7.e",2,"PH1100","28E3","N","U",5,0.133,2014,26.5,0.0123228995057661,17.2874110669014
"February","7.e",2,"PH1100","28E3","N","U",2,0.042,2017,18.5,0.0123228995057661,17.2874110669014
"February","7.e",2,"PH1100","28E3","N","U",5,0.107,2014,24.5,0.0123228995057661,17.2874110669014
"February","7.e",2,"PH1100","28E3","N","U",5,0.119,2014,25.5,0.0123228995057661,17.2874110669014
"February","7.e",2,"PH1100","28E3","N","U",3,0.061,2016,20.5,0.0123228995057661,17.2874110669014
"February","7.e",2,"PH1100","28E3","N","U",5,0.109,2014,25.5,0.0123228995057661,17.2874110669014
"February","7.e",2,"PH1100","28E3","N","U",5,0.123,2014,25.5,0.0123228995057661,17.2874110669014
"February","7.e",2,"PH1100","28E3","N","U",3,0.064,2016,21.5,0.0123228995057661,17.2874110669014
"February","7.e",2,"PH1100","28E3","N","U",3,0.081,2016,22.5,0.0123228995057661,17.2874110669014
"February","7.e",2,"PH1100","28E3","N","U",3,0.084,2016,22.5,0.0123228995057661,17.2874110669014
"February","7.e",2,"PH1100","28E3","N","U",5,0.137,2014,26.5,0.0123228995057661,17.2874110669014
"February","7.e",2,"PH1100","28E3","N","U",3,0.081,2016,22.5,0.0123228995057661,17.2874110669014
"February","7.e",2,"PH1100","28E3","N","U",4,0.11,2015,24.5,0.0123228995057661,17.2874110669014
"February","7.e",2,"PH1100","28E3","N","U",2,0.046,2017,18.5,0.014497528830313,20.3381306669428
"February","7.e",2,"PH1100","28E3","N","U",3,0.087,2016,23.5,0.0123228995057661,17.2874110669014
"February","7.e",2,"PH1100","28E3","N","U",2,0.052,2017,19.5,0.0123228995057661,17.2874110669014
"February","7.e",2,"PH1100","28E3","N","U",3,0.103,2016,24.5,0.0123228995057661,17.2874110669014
"February","7.e",2,"PH1100","28E3","N","U",3,0.064,2016,20.5,0.0123228995057661,17.2874110669014
"February","7.e",2,"PH1100","28E3","N","U",3,0.068,2016,21.5,0.0123228995057661,17.2874110669014
"February","7.e",2,"PH1100","28E3","N","U",3,0.067,2016,21.5,0.0123228995057661,17.2874110669014
"February","7.e",2,"PH1100","28E3","N","U",3,0.073,2016,22.5,0.0123228995057661,17.2874110669014
"February","7.e",2,"PH1100","28E3","N","U",3,0.082,2016,22.5,0.0123228995057661,17.2874110669014
"February","7.e",2,"PH1100","28E3","N","U",5,0.122,2014,25.5,0.0123228995057661,17.2874110669014
"February","7.e",2,"PH1100","28E3","N","U",5,0.122,2014,25.5,0.0123228995057661,17.2874110669014
"February","8.a",2,"PH1100","22E5","N","U",8,0.331,2011,35.5,0.00689883913764511,3.28795533439138
"February","8.a",2,"PH1100","22E5","N","U",11,0.325,2008,35.5,0.00689883913764511,3.28795533439138
"February","8.a",2,"PH1100","22E5","N","U",12,0.346,2007,36.5,0.00689883913764511,3.28795533439138
"February","8.a",2,"PH1100","22E5","N","U",9,0.388,2010,36.5,0.00689883913764511,3.28795533439138
"February","8.a",2,"PH1100","22E5","N","U",12,0.341,2007,35.5,0.00689883913764511,3.28795533439138
"February","8.a",2,"PH1100","22E5","N","U",15,0.349,2003,35.5,0.00689883913764511,3.28795533439138
"February","8.a",2,"PH1100","22E5","N","U",7,0.303,2012,33.5,0.00689883913764511,3.28795533439138
"February","8.a",2,"PH1100","22E5","N","U",15,0.367,2004,35.5,0.00689883913764511,3.28795533439138
"February","8.a",2,"PH1100","22E5","N","U",7,0.31,2012,34.5,0.00689883913764511,3.28795533439138
"February","8.a",2,"PH1100","22E5","N","U",11,0.387,2008,37.5,0.00689883913764511,3.28795533439138
"February","8.a",2,"PH1100","22E5","N","U",11,0.345,2008,36.5,0.00689883913764511,3.28795533439138
"February","8.a",2,"PH1100","22E5","N","U",7,0.286,2012,33.5,0.00689883913764511,3.28795533439138
"February","8.a",2,"PH1100","22E5","N","U",11,0.342,2008,35.5,0.00689883913764511,3.28795533439138
"February","8.a",2,"PH1100","22E5","N","U",7,0.485,2012,38.5,0.00689883913764511,3.28795533439138
"February","8.a",2,"PH1100","22E5","N","U",13,0.521,2006,39.5,0.00689883913764511,3.28795533439138
"February","8.a",2,"PH1100","22E5","N","U",15,0.326,2004,35.5,0.00689883913764511,3.28795533439138
"February","8.a",2,"PH1100","22E5","N","U",10,0.3,2009,34.5,0.00689883913764511,3.28795533439138
"February","8.a",2,"PH1100","22E5","N","U",7,0.28,2012,33.5,0.0116086235489221,5.53261714921626
"February","8.a",2,"PH1100","22E5","N","U",8,0.302,2011,33.5,0.00689883913764511,3.28795533439138
"February","8.a",2,"PH1100","22E5","N","U",8,0.357,2011,34.5,0.00689883913764511,3.28795533439138
"February","8.a",2,"PH1100","22E5","N","U",11,0.649,2008,40.5,0.00689883913764511,3.28795533439138
"February","8.a",2,"PH1100","22E5","N","U",13,0.48,2006,38.5,0.00689883913764511,3.28795533439138
"February","8.a",2,"PH1100","22E5","N","U",7,0.295,2012,33.5,0.00689883913764511,3.28795533439138
"February","8.a",2,"PH1100","22E5","N","U",14,0.464,2005,38.5,0.00689883913764511,3.28795533439138
"February","8.a",2,"PH1100","22E5","N","U",10,0.338,2009,34.5,0.00689883913764511,3.28795533439138
"February","8.a",2,"PH1100","22E5","N","U",15,0.296,2004,35.5,0.0145936981757877,6.9552901304433
"February","8.a",2,"PH1100","22E5","N","U",12,0.401,2007,36.5,0.0145936981757877,6.9552901304433
"February","8.a",2,"PH1100","22E5","N","U",9,0.352,2010,35.5,0.0145936981757877,6.9552901304433
"February","8.a",2,"PH1100","22E5","N","U",10,0.368,2009,35.5,0.0145936981757877,6.9552901304433
"February","8.a",2,"PH1100","22E5","N","U",9,0.459,2010,38.5,0.0145936981757877,6.9552901304433
"February","8.a",2,"PH1100","22E5","N","U",10,0.393,2009,36.5,0.0145936981757877,6.9552901304433
"February","8.a",2,"PH1100","22E5","N","U",11,0.462,2008,38.5,0.0145936981757877,6.9552901304433
"February","8.a",2,"PH1100","22E5","N","U",8,0.313,2011,34.5,0.0145936981757877,6.9552901304433
"February","8.a",2,"PH1100","22E5","N","U",9,0.471,2010,38.5,0.0145936981757877,6.9552901304433
"February","8.a",2,"PH1100","22E5","N","U",11,0.516,2008,39.5,0.0145936981757877,6.9552901304433
"February","8.a",2,"PH1100","22E5","N","U",10,0.351,2009,36.5,0.0145936981757877,6.9552901304433
"February","8.a",2,"PH1100","22E5","N","U",8,0.288,2011,33.5,0.0145936981757877,6.9552901304433
"February","8.a",2,"PH1100","22E5","N","U",15,0.414,2003,36.5,0.0145936981757877,6.9552901304433
"February","8.a",2,"PH1100","22E5","N","U",8,0.383,2011,36.5,0.0145936981757877,6.9552901304433
"February","8.a",2,"PH1100","22E5","N","U",10,0.273,2009,32.5,0.00689883913764511,3.28795533439138
"February","8.a",2,"PH1100","22E5","N","U",11,0.345,2008,36.5,0.0145936981757877,6.9552901304433
"February","8.a",2,"PH1100","22E5","N","U",7,0.325,2012,34.5,0.0145936981757877,6.9552901304433
"February","8.a",2,"PH1100","22E5","N","U",11,0.432,2008,36.5,0.0145936981757877,6.9552901304433
"February","8.a",2,"PH1100","22E5","N","U",12,0.437,2007,37.5,0.0145936981757877,6.9552901304433
"February","8.a",2,"PH1100","22E5","N","U",15,0.533,2002,41.5,0.0145936981757877,6.9552901304433
"February","8.a",2,"PH1100","22E5","N","U",15,0.462,2004,38.5,0.0145936981757877,6.9552901304433
"February","8.a",2,"PH1100","22E5","N","U",11,0.456,2008,38.5,0.0145936981757877,6.9552901304433
"February","8.a",2,"PH1100","22E5","N","U",12,0.436,2007,36.5,0.0145936981757877,6.9552901304433
"February","8.a",2,"PH1100","22E5","N","U",11,0.411,2008,36.5,0.0145936981757877,6.9552901304433
"February","8.a",2,"PH1100","22E5","N","U",11,0.497,2008,39.5,0.0145936981757877,6.9552901304433
"January","7.d",1,"PH1100","30F0","N","U",5,0.147,2014,26.5,0.00407793384685093,4.52586892387954
"January","7.d",1,"PH1100","30F0","N","U",6,0.189,2013,27.5,0.00407793384685093,4.52586892387954
"January","7.d",1,"PH1100","30F0","N","U",5,0.166,2014,27.5,0.00407793384685093,4.52586892387954
"January","7.d",1,"PH1100","30F0","N","U",5,0.175,2014,27.5,0.00407793384685093,4.52586892387954
"January","7.d",1,"PH1100","30F0","N","U",5,0.194,2014,27.5,0.00407793384685093,4.52586892387954
"January","7.d",1,"PH1100","30F0","N","U",5,0.126,2014,23.5,0.00407793384685093,4.52586892387954
"January","7.d",1,"PH1100","30F0","N","U",5,0.105,2014,23.5,0.00407793384685093,4.52586892387954
"January","7.d",1,"PH1100","30F0","N","U",5,0.119,2014,24.5,0.00407793384685093,4.52586892387954
"January","7.d",1,"PH1100","30F0","N","U",3,0.073,2016,20.5,0.00400543724512913,4.44540903189946
"January","7.d",1,"PH1100","30F0","N","U",3,0.065,2016,20.5,0.00400543724512913,4.44540903189946
"January","7.d",1,"PH1100","30F0","N","U",3,0.074,2016,20.5,0.00400543724512913,4.44540903189946
"January","7.d",1,"PH1100","30F0","N","U",3,0.082,2016,21.5,0.00400543724512913,4.44540903189946
"January","7.d",1,"PH1100","30F0","N","U",3,0.081,2016,21.5,0.00400543724512913,4.44540903189946
"January","7.d",1,"PH1100","30F0","N","U",3,0.085,2016,21.5,0.00400543724512913,4.44540903189946
"January","7.d",1,"PH1100","30F0","N","U",3,0.107,2016,22.5,0.00400543724512913,4.44540903189946
"January","7.d",1,"PH1100","30F0","N","U",3,0.09,2016,22.5,0.00407793384685093,4.52586892387954
"January","7.d",1,"PH1100","30F0","N","U",3,0.093,2016,22.5,0.00407793384685093,4.52586892387954
"January","7.d",1,"PH1100","30F0","N","U",5,0.117,2014,23.5,0.00407793384685093,4.52586892387954
"January","7.d",1,"PH1100","30F0","N","U",4,0.123,2015,24.5,0.00407793384685093,4.52586892387954
"January","7.d",1,"PH1100","30F0","N","U",5,0.131,2014,24.5,0.00407793384685093,4.52586892387954
"January","7.d",1,"PH1100","30F0","N","U",5,0.135,2014,24.5,0.00407793384685093,4.52586892387954
"January","7.d",1,"PH1100","30F0","N","U",4,0.132,2015,24.5,0.00407793384685093,4.52586892387954
"January","7.d",1,"PH1100","30F0","N","U",5,0.141,2014,25.5,0.00407793384685093,4.52586892387954
"January","7.d",1,"PH1100","30F0","N","U",5,0.14,2014,25.5,0.00407793384685093,4.52586892387954
"January","7.d",1,"PH1100","30F0","N","U",5,0.141,2014,25.5,0.00407793384685093,4.52586892387954
"January","7.d",1,"PH1100","30F0","N","U",8,0.249,2011,29.5,0.00331671952877209,3.68104005808869
"January","7.d",1,"PH1100","30F0","N","U",5,0.195,2014,27.5,0.00331671952877209,3.68104005808869
"January","7.d",1,"PH1100","30F0","N","U",5,0.215,2014,27.5,0.00331671952877209,3.68104005808869
"January","7.d",1,"PH1100","30F0","N","U",5,0.209,2014,27.5,0.00331671952877209,3.68104005808869
"January","7.d",1,"PH1100","30F0","N","U",5,0.168,2014,26.5,0.00331671952877209,3.68104005808869
"January","7.d",1,"PH1100","30F0","N","U",5,0.169,2014,26.5,0.00331671952877209,3.68104005808869
"January","7.d",1,"PH1100","30F0","N","U",5,0.202,2014,27.5,0.00331671952877209,3.68104005808869
"January","7.d",1,"PH1100","30F0","N","U",5,0.188,2014,28.5,0.00331671952877209,3.68104005808869
"January","7.d",1,"PH1100","30F0","N","U",5,0.194,2014,29.5,0.00331671952877209,3.68104005808869
"January","7.d",1,"PH1100","30F0","N","U",5,0.172,2014,24.5,0.00331671952877209,3.68104005808869
"January","7.d",1,"PH1100","30F0","N","U",4,0.155,2015,25.5,0.00331671952877209,3.68104005808869
"January","7.d",1,"PH1100","30F0","N","U",7,0.225,2012,28.5,0.00331671952877209,3.68104005808869
"January","7.d",1,"PH1100","30F0","N","U",6,0.16,2013,26.5,0.00331671952877209,3.68104005808869
"January","7.d",1,"PH1100","30F0","N","U",6,0.17,2013,26.5,0.00331671952877209,3.68104005808869
"January","7.d",1,"PH1100","30F0","N","U",5,0.256,2014,29.5,0.00331671952877209,3.68104005808869
"January","7.d",1,"PH1100","30F0","N","U",5,0.242,2014,30.5,0.00331671952877209,3.68104005808869
"January","7.d",1,"PH1100","30F0","N","U",5,0.186,2014,26.5,0.00331671952877209,3.68104005808869
"January","7.d",1,"PH1100","30F0","N","U",6,0.188,2013,27.5,0.00331671952877209,3.68104005808869
"January","7.d",1,"PH1100","30F0","N","U",8,0.258,2011,29.5,0.00331671952877209,3.68104005808869
"January","7.d",1,"PH1100","30F0","N","U",6,0.167,2013,26.5,0.00331671952877209,3.68104005808869
"January","7.d",1,"PH1100","30F0","N","U",5,0.171,2014,26.5,0.00331671952877209,3.68104005808869
"January","7.d",1,"PH1100","30F0","N","U",4,0.162,2015,25.5,0.00331671952877209,3.68104005808869
"January","7.d",1,"PH1100","30F0","N","U",5,0.153,2014,25.5,0.00331671952877209,3.68104005808869
"January","7.d",1,"PH1100","30F0","N","U",10,0.239,2009,29.5,0.00331671952877209,3.68104005808869
"January","7.d",1,"PH1100","30F0","N","U",5,0.166,2014,25.5,0.00331671952877209,3.68104005808869
"January","7.d",1,"PH1100","30E9","N","U",2,0.06,2017,19.5,0.00424105120072497,4.70690368083472
"January","7.d",1,"PH1100","30E9","N","U",2,0.073,2017,20.5,0.00424105120072497,4.70690368083472
"January","7.d",1,"PH1100","30E9","N","U",4,0.122,2015,24.5,0.00424105120072497,4.70690368083472
"January","7.d",1,"PH1100","30E9","N","U",5,0.128,2014,24.5,0.00424105120072497,4.70690368083472
"January","7.d",1,"PH1100","30E9","N","U",8,0.188,2011,28.5,0.00424105120072497,4.70690368083472
"January","7.d",1,"PH1100","30E9","N","U",11,0.232,2008,30.5,0.00424105120072497,4.70690368083472
"January","7.d",1,"PH1100","30E9","N","U",5,0.107,2014,23.5,0.00424105120072497,4.70690368083472
"January","7.d",1,"PH1100","30E9","N","U",5,0.121,2014,23.5,0.00424105120072497,4.70690368083472
"January","7.d",1,"PH1100","30E9","N","U",7,0.135,2012,24.5,0.00424105120072497,4.70690368083472
"January","7.d",1,"PH1100","30E9","N","U",5,0.131,2014,24.5,0.00424105120072497,4.70690368083472
"January","7.d",1,"PH1100","30E9","N","U",5,0.151,2014,25.5,0.00424105120072497,4.70690368083472
"January","7.d",1,"PH1100","30E9","N","U",5,0.144,2014,25.5,0.00424105120072497,4.70690368083472
"January","7.d",1,"PH1100","30E9","N","U",5,0.162,2014,25.5,0.00424105120072497,4.70690368083472
"January","7.d",1,"PH1100","30E9","N","U",6,0.176,2013,26.5,0.00424105120072497,4.70690368083472
"January","7.d",1,"PH1100","30E9","N","U",5,0.175,2014,26.5,0.00424105120072497,4.70690368083472
"January","7.d",1,"PH1100","30E9","N","U",5,0.171,2014,27.5,0.00424105120072497,4.70690368083472
"January","7.d",1,"PH1100","30E9","N","U",8,0.212,2011,27.5,0.00424105120072497,4.70690368083472
"January","7.d",1,"PH1100","30E9","N","U",6,0.205,2013,27.5,0.00424105120072497,4.70690368083472
"January","7.d",1,"PH1100","30E9","N","U",3,0.11,2016,23.5,0.00424105120072497,4.70690368083472
"January","7.d",1,"PH1100","30E9","N","U",4,0.083,2015,22.5,0.00424105120072497,4.70690368083472
"January","7.d",1,"PH1100","30E9","N","U",3,0.074,2016,22.5,0.00424105120072497,4.70690368083472
"January","7.d",1,"PH1100","30E9","N","U",2,0.072,2017,20.5,0.00424105120072497,4.70690368083472
"January","7.d",1,"PH1100","30E9","N","U",3,0.084,2016,21.5,0.00424105120072497,4.70690368083472
"January","7.d",1,"PH1100","30E9","N","U",3,0.089,2016,22.5,0.00424105120072497,4.70690368083472
"January","7.d",1,"PH1100","30E9","N","U",3,0.087,2016,22.5,0.00424105120072497,4.70690368083472
"January","7.d",1,"PH1100","30E9","N","U",5,0.107,2014,23.5,0.00184866334390575,2.05172724549206
"January","7.d",1,"PH1100","30E9","N","U",5,0.139,2014,25.5,0.00184866334390575,2.05172724549206
"January","7.d",1,"PH1100","30E9","N","U",3,0.1,2016,23.5,0.00184866334390575,2.05172724549206
"January","7.d",1,"PH1100","30E9","N","U",4,0.123,2015,23.5,0.00184866334390575,2.05172724549206
"January","7.d",1,"PH1100","30E9","N","U",5,0.116,2014,24.5,0.00184866334390575,2.05172724549206
"January","7.d",1,"PH1100","30E9","N","U",5,0.133,2014,24.5,0.00184866334390575,2.05172724549206
"January","7.d",1,"PH1100","30E9","N","U",5,0.114,2014,23.5,0.00184866334390575,2.05172724549206
"January","7.d",1,"PH1100","30E9","N","U",4,0.111,2015,23.5,0.00184866334390575,2.05172724549206
"January","7.d",1,"PH1100","30E9","N","U",3,0.096,2016,22.5,0.00184866334390575,2.05172724549206
"January","7.d",1,"PH1100","30E9","N","U",5,0.11,2014,23.5,0.00184866334390575,2.05172724549206
"January","7.d",1,"PH1100","30E9","N","U",5,0.109,2014,23.5,0.00184866334390575,2.05172724549206
"January","7.d",1,"PH1100","30E9","N","U",5,0.138,2014,24.5,0.00184866334390575,2.05172724549206
"January","7.d",1,"PH1100","30E9","N","U",5,0.158,2014,25.5,0.00184866334390575,2.05172724549206
"January","7.d",1,"PH1100","30E9","N","U",5,0.14,2014,25.5,0.00184866334390575,2.05172724549206
"January","7.d",1,"PH1100","30E9","N","U",5,0.139,2014,25.5,0.00184866334390575,2.05172724549206
"January","7.d",1,"PH1100","30E9","N","U",3,0.075,2016,21.5,0.00219302220208428,2.43391173239744
"January","7.d",1,"PH1100","30E9","N","U",5,0.132,2014,24.5,0.00184866334390575,2.05172724549206
"January","7.d",1,"PH1100","30E9","N","U",3,0.084,2016,21.5,0.00219302220208428,2.43391173239744
"January","7.d",1,"PH1100","30E9","N","U",3,0.072,2016,21.5,0.00219302220208428,2.43391173239744
"January","7.d",1,"PH1100","30E9","N","U",5,0.121,2014,24.5,0.00184866334390575,2.05172724549206
"January","7.d",1,"PH1100","30E9","N","U",3,0.089,2016,22.5,0.00219302220208428,2.43391173239744
"January","7.d",1,"PH1100","30E9","N","U",5,0.138,2014,25.5,0.00184866334390575,2.05172724549206
"January","7.d",1,"PH1100","30E9","N","U",4,0.137,2015,25.5,0.00184866334390575,2.05172724549206
"January","7.d",1,"PH1100","30E9","N","U",5,0.127,2014,24.5,0.00184866334390575,2.05172724549206
"January","7.d",1,"PH1100","30E9","N","U",5,0.133,2014,24.5,0.00184866334390575,2.05172724549206
"January","7.d",1,"PH1100","29E9","N","U",5,0.163,2014,26.5,0.00163117353874037,1.81034756955181
"January","7.d",1,"PH1100","29E9","N","U",5,0.136,2014,25.5,0.00179429089261441,1.991382326507
"January","7.d",1,"PH1100","29E9","N","U",5,0.176,2014,26.5,0.00163117353874037,1.81034756955181
"January","7.d",1,"PH1100","29E9","N","U",4,0.125,2015,25.5,0.00179429089261441,1.991382326507
"January","7.d",1,"PH1100","29E9","N","U",6,0.177,2013,27.5,0.00163117353874037,1.81034756955181
"January","7.d",1,"PH1100","29E9","N","U",6,0.181,2013,26.5,0.00163117353874037,1.81034756955181
"January","7.d",1,"PH1100","29E9","N","U",10,0.243,2009,29.5,0.00163117353874037,1.81034756955181
"January","7.d",1,"PH1100","29E9","N","U",6,0.132,2013,25.5,0.00163117353874037,1.81034756955181
"January","7.d",1,"PH1100","29E9","N","U",5,0.159,2014,25.5,0.00163117353874037,1.81034756955181
"January","7.d",1,"PH1100","29E9","N","U",6,0.175,2013,27.5,0.00163117353874037,1.81034756955181
"January","7.d",1,"PH1100","29E9","N","U",5,0.185,2014,26.5,0.00163117353874037,1.81034756955181
"January","7.d",1,"PH1100","29E9","N","U",4,0.145,2015,26.5,0.00163117353874037,1.81034756955181
"January","7.d",1,"PH1100","29E9","N","U",5,0.152,2014,26.5,0.00163117353874037,1.81034756955181
"January","7.d",1,"PH1100","29E9","N","U",5,0.121,2014,24.5,0.00163117353874037,1.81034756955181
"January","7.d",1,"PH1100","29E9","N","U",5,0.137,2014,24.5,0.00163117353874037,1.81034756955181
"January","7.d",1,"PH1100","29E9","N","U",12,0.283,2007,32.5,0.00163117353874037,1.81034756955181
"January","7.d",1,"PH1100","29E9","N","U",5,0.164,2014,27.5,0.00163117353874037,1.81034756955181
"January","7.d",1,"PH1100","29E9","N","U",6,0.147,2013,25.5,0.00179429089261441,1.991382326507
"January","7.d",1,"PH1100","29E9","N","U",10,0.221,2009,29.5,0.00163117353874037,1.81034756955181
"January","7.d",1,"PH1100","29E9","N","U",5,0.128,2014,25.5,0.00179429089261441,1.991382326507
"January","7.d",1,"PH1100","29E9","N","U",5,0.121,2014,23.5,0.00163117353874037,1.81034756955181
"January","7.d",1,"PH1100","29E9","N","U",5,0.105,2014,23.5,0.00163117353874037,1.81034756955181
"January","7.d",1,"PH1100","29E9","N","U",6,0.172,2013,26.5,0.00163117353874037,1.81034756955181
"January","7.d",1,"PH1100","29E9","N","U",3,0.075,2016,21.5,0.00163117353874037,1.81034756955181
"January","7.d",1,"PH1100","29E9","N","U",3,0.085,2016,22.5,0.00163117353874037,1.81034756955181
"January","7.d",1,"PH1100","29E8","N","U",4,0.119,2015,23.5,0.00184866334390575,2.05172724549206
"January","7.d",1,"PH1100","29E8","N","U",5,0.128,2014,24.5,0.001939284096058,2.15230211046716
"January","7.d",1,"PH1100","29E8","N","U",3,0.092,2016,23.5,0.00184866334390575,2.05172724549206
"January","7.d",1,"PH1100","29E8","N","U",6,0.177,2013,26.5,0.001939284096058,2.15230211046716
"January","7.d",1,"PH1100","29E8","N","U",5,0.116,2014,23.5,0.001939284096058,2.15230211046716
"January","7.d",1,"PH1100","29E8","N","U",5,0.122,2014,24.5,0.001939284096058,2.15230211046716
"January","7.d",1,"PH1100","29E8","N","U",5,0.117,2014,24.5,0.001939284096058,2.15230211046716
"January","7.d",1,"PH1100","29E8","N","U",5,0.134,2014,25.5,0.001939284096058,2.15230211046716
"January","7.d",1,"PH1100","29E8","N","U",4,0.102,2015,24.5,0.001939284096058,2.15230211046716
"January","7.d",1,"PH1100","29E8","N","U",5,0.154,2014,25.5,0.001939284096058,2.15230211046716
"January","7.d",1,"PH1100","29E8","N","U",5,0.139,2014,26.5,0.001939284096058,2.15230211046716
"January","7.d",1,"PH1100","29E8","N","U",5,0.088,2014,22.5,0.00184866334390575,2.05172724549206
"January","7.d",1,"PH1100","29E8","N","U",6,0.159,2013,26.5,0.001939284096058,2.15230211046716
"January","7.d",1,"PH1100","29E8","N","U",5,0.175,2014,27.5,0.001939284096058,2.15230211046716
"January","7.d",1,"PH1100","29E8","N","U",9,0.16,2010,26.5,0.001939284096058,2.15230211046716
"January","7.d",1,"PH1100","29E8","N","U",5,0.186,2014,28.5,0.001939284096058,2.15230211046716
"January","7.d",1,"PH1100","29E8","N","U",5,0.118,2014,24.5,0.001939284096058,2.15230211046716
"January","7.d",1,"PH1100","29E8","N","U",5,0.139,2014,25.5,0.001939284096058,2.15230211046716
"January","7.d",1,"PH1100","29E8","N","U",3,0.075,2016,20.5,0.00184866334390575,2.05172724549206
"January","7.d",1,"PH1100","29E8","N","U",5,0.135,2014,24.5,0.001939284096058,2.15230211046716
"January","7.d",1,"PH1100","29E8","N","U",5,0.203,2014,28.5,0.001939284096058,2.15230211046716
"January","7.d",1,"PH1100","29E8","N","U",6,0.163,2013,26.5,0.001939284096058,2.15230211046716
"January","7.d",1,"PH1100","29E8","N","U",7,0.224,2012,28.5,0.001939284096058,2.15230211046716
"January","7.d",1,"PH1100","29E8","N","U",3,0.079,2016,21.5,0.00184866334390575,2.05172724549206
"January","7.d",1,"PH1100","29E8","N","U",3,0.07,2016,20.5,0.00184866334390575,2.05172724549206
"January","7.d",1,"PH1100","29E9","N","U",4,0.099,2015,22.5,0.00330388158888385,3.66679195221722
"January","7.d",1,"PH1100","29E9","N","U",4,0.134,2015,23.5,0.00330388158888385,3.66679195221722
"January","7.d",1,"PH1100","29E9","N","U",4,0.106,2015,23.5,0.00330388158888385,3.66679195221722
"January","7.d",1,"PH1100","29E9","N","U",5,0.149,2014,23.5,0.00330388158888385,3.66679195221722
"January","7.d",1,"PH1100","29E9","N","U",4,0.12,2015,24.5,0.00330388158888385,3.66679195221722
"January","7.d",1,"PH1100","29E9","N","U",5,0.141,2014,24.5,0.00330388158888385,3.66679195221722
"January","7.d",1,"PH1100","29E9","N","U",4,0.141,2015,24.5,0.00330388158888385,3.66679195221722
"January","7.d",1,"PH1100","29E9","N","U",5,0.123,2014,24.5,0.00330388158888385,3.66679195221722
"January","7.d",1,"PH1100","29E9","N","U",5,0.144,2014,24.5,0.00330388158888385,3.66679195221722
"January","7.d",1,"PH1100","29E9","N","U",5,0.146,2014,25.5,0.00330388158888385,3.66679195221722
"January","7.d",1,"PH1100","29E9","N","U",5,0.149,2014,25.5,0.00330388158888385,3.66679195221722
"January","7.d",1,"PH1100","29E9","N","U",5,0.127,2014,25.5,0.00330388158888385,3.66679195221722
"January","7.d",1,"PH1100","29E9","N","U",5,0.154,2014,25.5,0.00330388158888385,3.66679195221722
"January","7.d",1,"PH1100","29E9","N","U",5,0.156,2014,26.5,0.00330388158888385,3.66679195221722
"January","7.d",1,"PH1100","29E9","N","U",5,0.168,2014,26.5,0.00330388158888385,3.66679195221722
"January","7.d",1,"PH1100","29E9","N","U",5,0.196,2014,27.5,0.00330388158888385,3.66679195221722
"January","7.d",1,"PH1100","29E9","N","U",5,0.224,2014,27.5,0.00330388158888385,3.66679195221722
"January","7.d",1,"PH1100","29E9","N","U",7,0.197,2012,27.5,0.00330388158888385,3.66679195221722
"January","7.d",1,"PH1100","29E9","N","U",5,0.181,2014,27.5,0.00330388158888385,3.66679195221722
"January","7.d",1,"PH1100","29E9","N","U",5,0.173,2014,27.5,0.00330388158888385,3.66679195221722
"January","7.d",1,"PH1100","29E9","N","U",5,0.15,2014,27.5,0.00330388158888385,3.66679195221722
"January","7.d",1,"PH1100","29E9","N","U",8,0.207,2011,28.5,0.00330388158888385,3.66679195221722
"January","7.d",1,"PH1100","29E9","N","U",8,0.237,2011,28.5,0.00330388158888385,3.66679195221722
"January","7.d",1,"PH1100","29E9","N","U",9,0.201,2010,29.5,0.00330388158888385,3.66679195221722
"January","7.d",1,"PH1100","30E9","N","U",2,0.072,2017,21.5,0.00407793384685093,4.52586892387954
"January","7.d",1,"PH1100","30E9","N","U",3,0.069,2016,21.5,0.00407793384685093,4.52586892387954
"January","7.d",1,"PH1100","30E9","N","U",3,0.074,2016,21.5,0.00407793384685093,4.52586892387954
"January","7.d",1,"PH1100","30E9","N","U",5,0.115,2014,24.5,0.00184866334390575,2.05172724549206
"January","7.d",1,"PH1100","30E9","N","U",5,0.112,2014,24.5,0.00184866334390575,2.05172724549206
"January","7.d",1,"PH1100","30E9","N","U",5,0.129,2014,24.5,0.00184866334390575,2.05172724549206
"January","7.d",1,"PH1100","30E9","N","U",5,0.124,2014,24.5,0.00184866334390575,2.05172724549206
"January","7.d",1,"PH1100","30E9","N","U",4,0.121,2015,25.5,0.00184866334390575,2.05172724549206
"January","7.d",1,"PH1100","30E9","N","U",5,0.121,2014,25.5,0.00184866334390575,2.05172724549206
"January","7.d",1,"PH1100","30E9","N","U",3,0.104,2016,22.5,0.00407793384685093,4.52586892387954
"January","7.d",1,"PH1100","30E9","N","U",3,0.092,2016,22.5,0.00407793384685093,4.52586892387954
"January","7.d",1,"PH1100","30E9","N","U",4,0.097,2015,23.5,0.00407793384685093,4.52586892387954
"January","7.d",1,"PH1100","30E9","N","U",4,0.12,2015,23.5,0.00407793384685093,4.52586892387954
"January","7.d",1,"PH1100","30E9","N","U",5,0.097,2014,23.5,0.00184866334390575,2.05172724549206
"January","7.d",1,"PH1100","30E9","N","U",5,0.104,2014,23.5,0.00184866334390575,2.05172724549206
"January","7.d",1,"PH1100","30E9","N","U",4,0.119,2015,24.5,0.00184866334390575,2.05172724549206
"January","7.d",1,"PH1100","30E9","N","U",8,0.171,2011,27.5,0.00184866334390575,2.05172724549206
"January","7.d",1,"PH1100","30E9","N","U",5,0.183,2014,27.5,0.00184866334390575,2.05172724549206
"January","7.d",1,"PH1100","30E9","N","U",13,0.277,2006,31.5,0.00184866334390575,2.05172724549206
"January","7.d",1,"PH1100","30E9","N","U",5,0.142,2014,25.5,0.00184866334390575,2.05172724549206
"January","7.d",1,"PH1100","30E9","N","U",5,0.134,2014,25.5,0.00184866334390575,2.05172724549206
"January","7.d",1,"PH1100","30E9","N","U",5,0.149,2014,26.5,0.00184866334390575,2.05172724549206
"January","7.d",1,"PH1100","30E9","N","U",5,0.171,2014,26.5,0.00184866334390575,2.05172724549206
"January","7.d",1,"PH1100","30E9","N","U",4,0.155,2015,26.5,0.00184866334390575,2.05172724549206
"January","7.d",1,"PH1100","30E9","N","U",5,0.202,2014,27.5,0.00184866334390575,2.05172724549206
"January","7.d",1,"PH1100","29E9","N","U",5,0.127,2014,24.5,0.00219302220208428,2.43391173239744
"January","7.d",1,"PH1100","29E9","N","U",5,0.144,2014,25.5,0.00219302220208428,2.43391173239744
"January","7.d",1,"PH1100","29E9","N","U",5,0.141,2014,25.5,0.00219302220208428,2.43391173239744
"January","7.d",1,"PH1100","29E9","N","U",5,0.136,2014,25.5,0.00219302220208428,2.43391173239744
"January","7.d",1,"PH1100","29E9","N","U",5,0.137,2014,25.5,0.00219302220208428,2.43391173239744
"January","7.d",1,"PH1100","29E9","N","U",5,0.131,2014,25.5,0.00219302220208428,2.43391173239744
"January","7.d",1,"PH1100","29E9","N","U",5,0.203,2014,28.5,0.00219302220208428,2.43391173239744
"January","7.d",1,"PH1100","29E9","N","U",6,0.202,2013,28.5,0.00219302220208428,2.43391173239744
"January","7.d",1,"PH1100","29E9","N","U",6,0.185,2013,28.5,0.00219302220208428,2.43391173239744
"January","7.d",1,"PH1100","29E9","N","U",5,0.165,2014,28.5,0.00219302220208428,2.43391173239744
"January","7.d",1,"PH1100","29E9","N","U",5,0.176,2014,26.5,0.00219302220208428,2.43391173239744
"January","7.d",1,"PH1100","29E9","N","U",9,0.22,2010,29.5,0.00219302220208428,2.43391173239744
"January","7.d",1,"PH1100","29E9","N","U",11,0.242,2008,30.5,0.00219302220208428,2.43391173239744
"January","7.d",1,"PH1100","29E9","N","U",6,0.149,2013,26.5,0.00219302220208428,2.43391173239744
"January","7.d",1,"PH1100","29E9","N","U",5,0.194,2014,27.5,0.00219302220208428,2.43391173239744
"January","7.d",1,"PH1100","29E9","N","U",5,0.168,2014,26.5,0.00219302220208428,2.43391173239744
"January","7.d",1,"PH1100","29E9","N","U",4,0.181,2015,26.5,0.00219302220208428,2.43391173239744
"January","7.d",1,"PH1100","29E9","N","U",4,0.187,2015,27.5,0.00219302220208428,2.43391173239744
"January","7.d",1,"PH1100","29E9","N","U",5,0.115,2014,23.5,0.00181241504304486,2.01149729950202
"January","7.d",1,"PH1100","29E9","N","U",5,0.124,2014,24.5,0.00181241504304486,2.01149729950202
"January","7.d",1,"PH1100","29E9","N","U",5,0.149,2014,24.5,0.00219302220208428,2.43391173239744
"January","7.d",1,"PH1100","29E9","N","U",6,0.266,2013,30.5,0.00219302220208428,2.43391173239744
"January","7.d",1,"PH1100","29E9","N","U",12,0.284,2007,32.5,0.00219302220208428,2.43391173239744
"January","7.d",1,"PH1100","29E9","N","U",3,0.123,2016,23.5,0.00181241504304486,2.01149729950202
"January","7.d",1,"PH1100","29E9","N","U",3,0.107,2016,23.5,0.00181241504304486,2.01149729950202
"July","7.b",7,"PH1100","34D8","N","U",5,0.192,2014,29.5,0.00423357664233577,3.84223771924769
"July","7.b",7,"PH1100","34D8","N","U",7,0.208,2012,30.5,0.00423357664233577,3.84223771924769
"July","7.b",7,"PH1100","34D8","N","U",5,0.211,2014,29.5,0.00423357664233577,3.84223771924769
"July","7.b",7,"PH1100","34D8","N","U",5,0.222,2014,28.5,0.00423357664233577,3.84223771924769
"July","7.b",7,"PH1100","34D8","N","U",5,0.202,2014,28.5,0.00423357664233577,3.84223771924769
"July","7.b",7,"PH1100","34D8","N","U",7,0.267,2012,31.5,0.00423357664233577,3.84223771924769
"July","7.b",7,"PH1100","34D8","N","U",10,0.243,2009,31.5,0.00423357664233577,3.84223771924769
"July","7.b",7,"PH1100","34D8","N","U",5,0.225,2014,29.5,0.00423357664233577,3.84223771924769
"July","7.b",7,"PH1100","34D8","N","U",5,0.213,2014,29.5,0.00423357664233577,3.84223771924769
"July","7.b",7,"PH1100","34D8","N","U",5,0.196,2014,28.5,0.00423357664233577,3.84223771924769
"July","7.b",7,"PH1100","34D8","N","U",5,0.21,2014,28.5,0.00423357664233577,3.84223771924769
"July","7.b",7,"PH1100","34D8","N","U",5,0.187,2014,27.5,0.00956204379562044,8.67815760726633
"July","7.b",7,"PH1100","34D8","N","U",5,0.204,2014,27.5,0.00956204379562044,8.67815760726633
"July","7.b",7,"PH1100","34D8","N","U",6,0.239,2013,31.5,0.00423357664233577,3.84223771924769
"July","7.b",7,"PH1100","34D8","N","U",5,0.194,2014,27.5,0.00423357664233577,3.84223771924769
"July","7.b",7,"PH1100","34D8","N","U",5,0.188,2014,27.5,0.00423357664233577,3.84223771924769
"July","7.b",7,"PH1100","34D8","N","U",5,0.19,2014,28.5,0.00423357664233577,3.84223771924769
"July","7.b",7,"PH1100","34D8","N","U",7,0.288,2012,32.5,0.00423357664233577,3.84223771924769
"July","7.b",7,"PH1100","34D8","N","U",11,0.243,2008,32.5,0.00423357664233577,3.84223771924769
"July","7.b",7,"PH1100","34D8","N","U",15,0.264,2003,32.5,0.00423357664233577,3.84223771924769
"July","7.b",7,"PH1100","34D8","N","U",6,0.301,2013,33.5,0.00423357664233577,3.84223771924769
"July","7.b",7,"PH1100","34D8","N","U",11,0.337,2008,36.5,0.00423357664233577,3.84223771924769
"July","7.b",7,"PH1100","34D8","N","U",6,0.221,2013,29.5,0.00423357664233577,3.84223771924769
"July","7.b",7,"PH1100","34D8","N","U",6,0.19,2013,27.5,0.00956204379562044,8.67815760726633
"July","7.b",7,"PH1100","34D8","N","U",5,0.191,2014,29.5,0.00423357664233577,3.84223771924769
"July","7.b",7,"PH1100","37D9","N","U",5,0.157,2014,26.5,0.0045985401459854,4.17346510883801
"July","7.b",7,"PH1100","37D9","N","U",5,0.178,2014,26.5,0.0045985401459854,4.17346510883801
"July","7.b",7,"PH1100","37D9","N","U",5,0.214,2014,29.5,0.0045985401459854,4.17346510883801
"July","7.b",7,"PH1100","37D9","N","U",9,0.384,2010,35.5,0.0045985401459854,4.17346510883801
"July","7.b",7,"PH1100","37D9","N","U",5,0.184,2014,27.5,0.0045985401459854,4.17346510883801
"July","7.b",7,"PH1100","37D9","N","U",5,0.19,2014,27.5,0.0045985401459854,4.17346510883801
"July","7.b",7,"PH1100","37D9","N","U",5,0.178,2014,27.5,0.0045985401459854,4.17346510883801
"July","7.b",7,"PH1100","37D9","N","U",5,0.178,2014,26.5,0.0045985401459854,4.17346510883801
"July","7.b",7,"PH1100","37D9","N","U",5,0.198,2014,28.5,0.0045985401459854,4.17346510883801
"July","7.b",7,"PH1100","37D9","N","U",5,0.193,2014,26.5,0.0045985401459854,4.17346510883801
"July","7.b",7,"PH1100","37D9","N","U",4,0.173,2015,26.5,0.0045985401459854,4.17346510883801
"July","7.b",7,"PH1100","37D9","N","U",4,0.177,2015,26.5,0.0045985401459854,4.17346510883801
"July","7.b",7,"PH1100","37D9","N","U",4,0.17,2015,27.5,0.0127737226277372,11.5929586356611
"July","7.b",7,"PH1100","37D9","N","U",4,0.18,2015,27.5,0.0127737226277372,11.5929586356611
"July","7.b",7,"PH1100","37D9","N","U",4,0.171,2015,26.5,0.0127737226277372,11.5929586356611
"July","7.b",7,"PH1100","37D9","N","U",4,0.189,2015,27.5,0.0127737226277372,11.5929586356611
"July","7.b",7,"PH1100","37D9","N","U",4,0.178,2015,27.5,0.0127737226277372,11.5929586356611
"July","7.b",7,"PH1100","37D9","N","U",4,0.217,2015,29.5,0.0127737226277372,11.5929586356611
"July","7.b",7,"PH1100","37D9","N","U",4,0.192,2015,27.5,0.0127737226277372,11.5929586356611
"July","7.b",7,"PH1100","37D9","N","U",4,0.178,2015,27.5,0.0127737226277372,11.5929586356611
"July","7.b",7,"PH1100","37D9","N","U",4,0.191,2015,27.5,0.0127737226277372,11.5929586356611
"July","7.b",7,"PH1100","37D9","N","U",4,0.184,2015,27.5,0.0127737226277372,11.5929586356611
"July","7.b",7,"PH1100","37D9","N","U",4,0.198,2015,27.5,0.0127737226277372,11.5929586356611
"July","7.b",7,"PH1100","37D9","N","U",4,0.193,2015,26.5,0.0045985401459854,4.17346510883801
"July","7.b",7,"PH1100","37D9","N","U",4,0.217,2015,29.5,0.0127737226277372,11.5929586356611
"July","7.b",7,"PH1100","37D9","N","U",5,0.205,2014,28.5,0.0045985401459854,4.17346510883801
"July","7.b",7,"PH1100","37D9","N","U",5,0.194,2014,28.5,0.0045985401459854,4.17346510883801
"July","7.b",7,"PH1100","37D9","N","U",5,0.171,2014,25.5,0.00423357664233577,3.84223771924769
"July","7.b",7,"PH1100","37D9","N","U",5,0.203,2014,28.5,0.0045985401459854,4.17346510883801
"July","7.b",7,"PH1100","37D9","N","U",5,0.19,2014,27.5,0.0045985401459854,4.17346510883801
"July","7.b",7,"PH1100","37D9","N","U",5,0.252,2014,30.5,0.0045985401459854,4.17346510883801
"July","7.b",7,"PH1100","37D9","N","U",7,0.339,2012,33.5,0.0045985401459854,4.17346510883801
"July","7.b",7,"PH1100","37D9","N","U",15,0.334,2003,35.5,0.0045985401459854,4.17346510883801
"July","7.b",7,"PH1100","37D9","N","U",5,0.182,2014,27.5,0.0045985401459854,4.17346510883801
"July","7.b",7,"PH1100","37D9","N","U",5,0.21,2014,28.5,0.0045985401459854,4.17346510883801
"July","7.b",7,"PH1100","37D9","N","U",5,0.169,2014,25.5,0.00423357664233577,3.84223771924769
"July","7.b",7,"PH1100","37D9","N","U",5,0.224,2014,28.5,0.0045985401459854,4.17346510883801
"July","7.b",7,"PH1100","37D9","N","U",5,0.2,2014,28.5,0.0045985401459854,4.17346510883801
"July","7.b",7,"PH1100","37D9","N","U",5,0.177,2014,25.5,0.00423357664233577,3.84223771924769
"July","7.b",7,"PH1100","37D9","N","U",5,0.23,2014,29.5,0.0045985401459854,4.17346510883801
"July","7.b",7,"PH1100","37D9","N","U",4,0.189,2015,28.5,0.0127737226277372,11.5929586356611
"July","7.b",7,"PH1100","37D9","N","U",4,0.211,2015,29.5,0.0127737226277372,11.5929586356611
"July","7.b",7,"PH1100","37D9","N","U",5,0.219,2014,30.5,0.0127737226277372,11.5929586356611
"July","7.b",7,"PH1100","37D9","N","U",4,0.176,2015,27.5,0.0127737226277372,11.5929586356611
"July","7.b",7,"PH1100","37D9","N","U",4,0.2,2015,28.5,0.0127737226277372,11.5929586356611
"July","7.b",7,"PH1100","37D9","N","U",4,0.18,2015,27.5,0.0127737226277372,11.5929586356611
"July","7.b",7,"PH1100","37D9","N","U",7,0.327,2012,32.5,0.0127737226277372,11.5929586356611
"July","7.b",7,"PH1100","37D9","N","U",10,0.241,2009,30.5,0.0127737226277372,11.5929586356611
"July","7.b",7,"PH1100","37D9","N","U",4,0.22,2015,29.5,0.0127737226277372,11.5929586356611
"July","7.b",7,"PH1100","37D9","N","U",4,0.19,2015,28.5,0.0127737226277372,11.5929586356611
"July","7.c",7,"PH1100","35D5","N","U",15,0.311,2003,34.5,0.04,11.8357202035744
"July","7.c",7,"PH1100","35D5","N","U",10,0.325,2009,34.5,0.04,11.8357202035744
"July","7.c",7,"PH1100","35D5","N","U",15,0.333,2004,34.5,0.04,11.8357202035744
"July","7.c",7,"PH1100","35D5","N","U",15,0.321,2002,35.5,0.04,11.8357202035744
"July","7.c",7,"PH1100","35D5","N","U",9,0.355,2010,35.5,0.04,11.8357202035744
"July","7.c",7,"PH1100","35D5","N","U",15,0.354,2004,35.5,0.04,11.8357202035744
"July","7.c",7,"PH1100","35D5","N","U",14,0.331,2005,35.5,0.04,11.8357202035744
"July","7.c",7,"PH1100","35D5","N","U",15,0.407,2002,35.5,0.04,11.8357202035744
"July","7.c",7,"PH1100","35D5","N","U",10,0.363,2009,35.5,0.04,11.8357202035744
"July","7.c",7,"PH1100","35D5","N","U",15,0.332,2003,35.5,0.04,11.8357202035744
"July","7.c",7,"PH1100","35D5","N","U",15,0.35,2003,35.5,0.04,11.8357202035744
"July","7.c",7,"PH1100","35D5","N","U",10,0.35,2009,35.5,0.04,11.8357202035744
"July","7.c",7,"PH1100","35D5","N","U",11,0.31,2008,33.5,0.04,11.8357202035744
"July","7.c",7,"PH1100","35D5","N","U",15,0.294,2002,33.5,0.04,11.8357202035744
"July","7.c",7,"PH1100","35D5","N","U",15,0.32,2002,35.5,0.04,11.8357202035744
"July","7.c",7,"PH1100","35D5","N","U",15,0.329,2003,34.5,0.04,11.8357202035744
"July","7.c",7,"PH1100","35D5","N","U",15,0.318,2003,34.5,0.04,11.8357202035744
"July","7.c",7,"PH1100","35D5","N","U",15,0.34,2002,36.5,0.04,11.8357202035744
"July","7.c",7,"PH1100","35D5","N","U",15,0.362,2002,37.5,0.04,11.8357202035744
"July","7.c",7,"PH1100","35D5","N","U",10,0.347,2009,35.5,0.04,11.8357202035744
"July","7.c",7,"PH1100","35D5","N","U",15,0.339,2002,35.5,0.04,11.8357202035744
"July","7.c",7,"PH1100","35D5","N","U",15,0.367,2004,35.5,0.04,11.8357202035744
"July","7.c",7,"PH1100","35D5","N","U",6,0.381,2013,35.5,0.04,11.8357202035744
"July","7.c",7,"PH1100","35D5","N","U",6,0.294,2013,32.5,0.04,11.8357202035744
"July","7.c",7,"PH1100","35D5","N","U",10,0.316,2009,33.5,0.04,11.8357202035744
"July","7.j",7,"PH1100","29D9","N","U",5,0.212,2014,28.5,0.00292589027911453,2.559180056669
"July","7.j",7,"PH1100","29D9","N","U",6,0.206,2013,28.5,0.00292589027911453,2.559180056669
"July","7.j",7,"PH1100","29D9","N","U",6,0.228,2013,28.5,0.00292589027911453,2.559180056669
"July","7.j",7,"PH1100","29D9","N","U",5,0.205,2014,28.5,0.00292589027911453,2.559180056669
"July","7.j",7,"PH1100","29D9","N","U",5,0.189,2014,28.5,0.00292589027911453,2.559180056669
"July","7.j",7,"PH1100","29D9","N","U",4,0.185,2015,27.5,0.00292589027911453,2.559180056669
"July","7.j",7,"PH1100","29D9","N","U",4,0.182,2015,27.5,0.00292589027911453,2.559180056669
"July","7.j",7,"PH1100","29D9","N","U",5,0.204,2014,27.5,0.00292589027911453,2.559180056669
"July","7.j",7,"PH1100","29D9","N","U",5,0.198,2014,27.5,0.00292589027911453,2.559180056669
"July","7.j",7,"PH1100","29D9","N","U",5,0.231,2014,30.5,0.00292589027911453,2.559180056669
"July","7.j",7,"PH1100","29D9","N","U",5,0.213,2014,28.5,0.00292589027911453,2.559180056669
"July","7.j",7,"PH1100","29D9","N","U",5,0.214,2014,28.5,0.00292589027911453,2.559180056669
"July","7.j",7,"PH1100","29D9","N","U",6,0.246,2013,30.5,0.00292589027911453,2.559180056669
"July","7.j",7,"PH1100","29D9","N","U",9,0.334,2010,34.5,0.00292589027911453,2.559180056669
"July","7.j",7,"PH1100","29D9","N","U",5,0.196,2014,28.5,0.00292589027911453,2.559180056669
"July","7.j",7,"PH1100","29D9","N","U",11,0.287,2008,32.5,0.00292589027911453,2.559180056669
"July","7.j",7,"PH1100","29D9","N","U",5,0.212,2014,28.5,0.00292589027911453,2.559180056669
"July","7.j",7,"PH1100","29D9","N","U",5,0.18,2014,27.5,0.00292589027911453,2.559180056669
"July","7.j",7,"PH1100","29D9","N","U",5,0.2,2014,27.5,0.00292589027911453,2.559180056669
"July","7.j",7,"PH1100","29D9","N","U",5,0.2,2014,28.5,0.00292589027911453,2.559180056669
"July","7.j",7,"PH1100","29D9","N","U",6,0.229,2013,28.5,0.00292589027911453,2.559180056669
"July","7.j",7,"PH1100","29D9","N","U",11,0.282,2008,33.5,0.00292589027911453,2.559180056669
"July","7.j",7,"PH1100","29D9","N","U",5,0.207,2014,28.5,0.00292589027911453,2.559180056669
"July","7.j",7,"PH1100","29D9","N","U",5,0.223,2014,31.5,0.00292589027911453,2.559180056669
"July","7.j",7,"PH1100","29D9","N","U",5,0.16,2014,26.5,0.00275264677574591,2.40764965857676
"July","7.j",7,"PH1100","30D9","N","U",4,0.199,2015,28.5,0.00282723772858518,2.47289191331092
"July","7.j",7,"PH1100","30D9","N","U",6,0.225,2013,29.5,0.00282723772858518,2.47289191331092
"July","7.j",7,"PH1100","30D9","N","U",6,0.24,2013,30.5,0.00282723772858518,2.47289191331092
"July","7.j",7,"PH1100","30D9","N","U",3,0.158,2016,26.5,0.00304780237407764,2.66581255903021
"July","7.j",7,"PH1100","30D9","N","U",4,0.245,2015,30.5,0.00282723772858518,2.47289191331092
"July","7.j",7,"PH1100","30D9","N","U",4,0.252,2015,29.5,0.00282723772858518,2.47289191331092
"July","7.j",7,"PH1100","30D9","N","U",4,0.224,2015,30.5,0.00282723772858518,2.47289191331092
"July","7.j",7,"PH1100","30D9","N","U",3,0.221,2016,29.5,0.00282723772858518,2.47289191331092
"July","7.j",7,"PH1100","30D9","N","U",4,0.196,2015,28.5,0.00282723772858518,2.47289191331092
"July","7.j",7,"PH1100","30D9","N","U",4,0.216,2015,28.5,0.00282723772858518,2.47289191331092
"July","7.j",7,"PH1100","30D9","N","U",10,0.24,2009,29.5,0.00282723772858518,2.47289191331092
"July","7.j",7,"PH1100","30D9","N","U",4,0.195,2015,28.5,0.00282723772858518,2.47289191331092
"July","7.j",7,"PH1100","30D9","N","U",5,0.193,2014,28.5,0.00282723772858518,2.47289191331092
"July","7.j",7,"PH1100","30D9","N","U",4,0.187,2015,27.5,0.00282723772858518,2.47289191331092
"July","7.j",7,"PH1100","30D9","N","U",4,0.208,2015,29.5,0.00282723772858518,2.47289191331092
"July","7.j",7,"PH1100","30D9","N","U",9,0.247,2010,31.5,0.00282723772858518,2.47289191331092
"July","7.j",7,"PH1100","30D9","N","U",15,0.345,2004,34.5,0.00282723772858518,2.47289191331092
"July","7.j",7,"PH1100","30D9","N","U",4,0.218,2015,29.5,0.00282723772858518,2.47289191331092
"July","7.j",7,"PH1100","30D9","N","U",5,0.274,2014,31.5,0.00282723772858518,2.47289191331092
"July","7.j",7,"PH1100","30D9","N","U",6,0.245,2013,30.5,0.00282723772858518,2.47289191331092
"July","7.j",7,"PH1100","30D9","N","U",4,0.216,2015,28.5,0.00282723772858518,2.47289191331092
"July","7.j",7,"PH1100","30D9","N","U",4,0.221,2015,29.5,0.00282723772858518,2.47289191331092
"July","7.j",7,"PH1100","30D9","N","U",6,0.272,2013,31.5,0.00282723772858518,2.47289191331092
"July","7.j",7,"PH1100","30D9","N","U",4,0.2,2015,27.5,0.00282723772858518,2.47289191331092
"July","7.j",7,"PH1100","31D9","N","U",5,0.173,2014,26.5,0.00192492781520693,1.68367108991382
"July","7.j",7,"PH1100","31D9","N","U",7,0.257,2012,31.5,0.00209817131857555,1.83520148800606
"July","7.j",7,"PH1100","31D9","N","U",5,0.203,2014,28.5,0.00209817131857555,1.83520148800606
"July","7.j",7,"PH1100","31D9","N","U",5,0.201,2014,27.5,0.00209817131857555,1.83520148800606
"July","7.j",7,"PH1100","31D9","N","U",5,0.213,2014,27.5,0.00209817131857555,1.83520148800606
"July","7.j",7,"PH1100","31D9","N","U",6,0.213,2013,28.5,0.00209817131857555,1.83520148800606
"July","7.j",7,"PH1100","31D9","N","U",5,0.2,2014,27.5,0.00209817131857555,1.83520148800606
"July","7.j",7,"PH1100","31D9","N","U",5,0.2,2014,27.5,0.00209817131857555,1.83520148800606
"July","7.j",7,"PH1100","31D9","N","U",6,0.243,2013,30.5,0.00209817131857555,1.83520148800606
"July","7.j",7,"PH1100","31D9","N","U",5,0.199,2014,27.5,0.00192492781520693,1.68367108991382
"July","7.j",7,"PH1100","31D9","N","U",5,0.224,2014,28.5,0.00209817131857555,1.83520148800606
"July","7.j",7,"PH1100","31D9","N","U",5,0.2,2014,27.5,0.00209817131857555,1.83520148800606
"July","7.j",7,"PH1100","31D9","N","U",5,0.187,2014,27.5,0.00192492781520693,1.68367108991382
"July","7.j",7,"PH1100","31D9","N","U",5,0.231,2014,29.5,0.00209817131857555,1.83520148800606
"July","7.j",7,"PH1100","31D9","N","U",5,0.198,2014,28.5,0.00209817131857555,1.83520148800606
"July","7.j",7,"PH1100","31D9","N","U",9,0.265,2010,31.5,0.00209817131857555,1.83520148800606
"July","7.j",7,"PH1100","31D9","N","U",5,0.214,2014,28.5,0.00209817131857555,1.83520148800606
"July","7.j",7,"PH1100","31D9","N","U",5,0.224,2014,28.5,0.00209817131857555,1.83520148800606
"July","7.j",7,"PH1100","31D9","N","U",6,0.201,2013,27.5,0.00192492781520693,1.68367108991382
"July","7.j",7,"PH1100","31D9","N","U",5,0.169,2014,26.5,0.00192492781520693,1.68367108991382
"July","7.j",7,"PH1100","31D9","N","U",5,0.202,2014,28.5,0.00209817131857555,1.83520148800606
"July","7.j",7,"PH1100","31D9","N","U",5,0.203,2014,28.5,0.00209817131857555,1.83520148800606
"July","7.j",7,"PH1100","31D9","N","U",6,0.22,2013,29.5,0.00209817131857555,1.83520148800606
"July","7.j",7,"PH1100","31D9","N","U",6,0.212,2013,28.5,0.00209817131857555,1.83520148800606
"July","7.j",7,"PH1100","31D9","N","U",5,0.208,2014,28.5,0.00209817131857555,1.83520148800606
"July","7.j",7,"PH1100","31D9","N","U",4,0.184,2015,26.5,0.00192492781520693,1.68367108991382
"July","7.j",7,"PH1100","31D9","N","U",4,0.19,2015,27.5,0.00192492781520693,1.68367108991382
"July","7.j",7,"PH1100","31D9","N","U",13,0.313,2006,34.5,0.00196342637151107,1.71734451171209
"July","7.j",7,"PH1100","31D9","N","U",4,0.213,2015,28.5,0.00196342637151107,1.71734451171209
"July","7.j",7,"PH1100","31D9","N","U",4,0.176,2015,27.5,0.00192492781520693,1.68367108991382
"July","7.j",7,"PH1100","31D9","N","U",4,0.196,2015,27.5,0.00192492781520693,1.68367108991382
"July","7.j",7,"PH1100","31D9","N","U",4,0.171,2015,27.5,0.00192492781520693,1.68367108991382
"July","7.j",7,"PH1100","31D9","N","U",4,0.192,2015,27.5,0.00196342637151107,1.71734451171209
"July","7.j",7,"PH1100","31D9","N","U",5,0.255,2014,30.5,0.00196342637151107,1.71734451171209
"July","7.j",7,"PH1100","31D9","N","U",5,0.26,2014,31.5,0.00196342637151107,1.71734451171209
"July","7.j",7,"PH1100","31D9","N","U",4,0.208,2015,27.5,0.00192492781520693,1.68367108991382
"July","7.j",7,"PH1100","31D9","N","U",4,0.219,2015,28.5,0.00196342637151107,1.71734451171209
"July","7.j",7,"PH1100","31D9","N","U",4,0.208,2015,28.5,0.00196342637151107,1.71734451171209
"July","7.j",7,"PH1100","31D9","N","U",4,0.212,2015,28.5,0.00196342637151107,1.71734451171209
"July","7.j",7,"PH1100","31D9","N","U",4,0.206,2015,28.5,0.00196342637151107,1.71734451171209
"July","7.j",7,"PH1100","31D9","N","U",4,0.199,2015,28.5,0.00196342637151107,1.71734451171209
"July","7.j",7,"PH1100","31D9","N","U",4,0.201,2015,28.5,0.00196342637151107,1.71734451171209
"July","7.j",7,"PH1100","31D9","N","U",4,0.21,2015,28.5,0.00196342637151107,1.71734451171209
"July","7.j",7,"PH1100","31D9","N","U",4,0.207,2015,29.5,0.00196342637151107,1.71734451171209
"July","7.j",7,"PH1100","31D9","N","U",4,0.244,2015,29.5,0.00196342637151107,1.71734451171209
"July","7.j",7,"PH1100","31D9","N","U",5,0.227,2014,30.5,0.00196342637151107,1.71734451171209
"July","7.j",7,"PH1100","31D9","N","U",4,0.217,2015,27.5,0.00196342637151107,1.71734451171209
"July","7.j",7,"PH1100","31D9","N","U",10,0.318,2009,32.5,0.00196342637151107,1.71734451171209
"July","7.j",7,"PH1100","31D9","N","U",15,0.311,2002,33.5,0.00196342637151107,1.71734451171209
"July","7.j",7,"PH1100","31D9","N","U",10,0.329,2009,33.5,0.00196342637151107,1.71734451171209
"July","7.j",7,"PH1100","32D8","N","U",5,0.177,2014,27.5,0.00332852101379532,2.91134792630931
"July","7.j",7,"PH1100","32D8","N","U",5,0.194,2014,28.5,0.00332852101379532,2.91134792630931
"July","7.j",7,"PH1100","32D8","N","U",5,0.214,2014,28.5,0.00332852101379532,2.91134792630931
"July","7.j",7,"PH1100","32D8","N","U",5,0.197,2014,27.5,0.00332852101379532,2.91134792630931
"July","7.j",7,"PH1100","32D8","N","U",5,0.201,2014,27.5,0.00332852101379532,2.91134792630931
"July","7.j",7,"PH1100","32D8","N","U",5,0.187,2014,26.5,0.00332852101379532,2.91134792630931
"July","7.j",7,"PH1100","32D8","N","U",5,0.222,2014,28.5,0.00332852101379532,2.91134792630931
"July","7.j",7,"PH1100","32D8","N","U",5,0.192,2014,27.5,0.00332852101379532,2.91134792630931
"July","7.j",7,"PH1100","32D8","N","U",5,0.182,2014,27.5,0.00332852101379532,2.91134792630931
"July","7.j",7,"PH1100","32D8","N","U",5,0.19,2014,27.5,0.00332852101379532,2.91134792630931
"July","7.j",7,"PH1100","32D8","N","U",7,0.244,2012,30.5,0.00332852101379532,2.91134792630931
"July","7.j",7,"PH1100","32D8","N","U",5,0.201,2014,28.5,0.00332852101379532,2.91134792630931
"July","7.j",7,"PH1100","32D8","N","U",5,0.176,2014,26.5,0.00332852101379532,2.91134792630931
"July","7.j",7,"PH1100","32D8","N","U",5,0.21,2014,28.5,0.00332852101379532,2.91134792630931
"July","7.j",7,"PH1100","32D8","N","U",5,0.209,2014,28.5,0.00332852101379532,2.91134792630931
"July","7.j",7,"PH1100","32D8","N","U",5,0.217,2014,28.5,0.00332852101379532,2.91134792630931
"July","7.j",7,"PH1100","32D8","N","U",5,0.234,2014,29.5,0.00332852101379532,2.91134792630931
"July","7.j",7,"PH1100","32D8","N","U",5,0.205,2014,28.5,0.00332852101379532,2.91134792630931
"July","7.j",7,"PH1100","32D8","N","U",5,0.186,2014,27.5,0.00332852101379532,2.91134792630931
"July","7.j",7,"PH1100","32D8","N","U",5,0.215,2014,28.5,0.00332852101379532,2.91134792630931
"July","7.j",7,"PH1100","32D8","N","U",5,0.213,2014,29.5,0.00332852101379532,2.91134792630931
"July","7.j",7,"PH1100","32D8","N","U",6,0.255,2013,31.5,0.00332852101379532,2.91134792630931
"July","7.j",7,"PH1100","32D8","N","U",5,0.21,2014,28.5,0.00332852101379532,2.91134792630931
"July","7.j",7,"PH1100","32D8","N","U",5,0.193,2014,26.5,0.00282723772858518,2.47289191331092
"July","7.j",7,"PH1100","33D8","N","U",4,0.225,2015,29.5,0.00123195380173244,1.07754949754484
"July","7.j",7,"PH1100","33D8","N","U",4,0.186,2015,27.5,0.00123195380173244,1.07754949754484
"July","7.j",7,"PH1100","33D8","N","U",4,0.201,2015,27.5,0.00123195380173244,1.07754949754484
"July","7.j",7,"PH1100","33D8","N","U",5,0.237,2014,29.5,0.00123195380173244,1.07754949754484
"July","7.j",7,"PH1100","33D8","N","U",4,0.212,2015,28.5,0.00123195380173244,1.07754949754484
"July","7.j",7,"PH1100","33D8","N","U",6,0.284,2013,31.5,0.00123195380173244,1.07754949754484
"July","7.j",7,"PH1100","33D8","N","U",4,0.198,2015,27.5,0.00123195380173244,1.07754949754484
"July","7.j",7,"PH1100","33D8","N","U",4,0.214,2015,27.5,0.00173243503368624,1.51530398092244
"July","7.j",7,"PH1100","33D8","N","U",4,0.266,2015,30.5,0.00123195380173244,1.07754949754484
"July","7.j",7,"PH1100","33D8","N","U",4,0.223,2015,28.5,0.00123195380173244,1.07754949754484
"July","7.j",7,"PH1100","33D8","N","U",4,0.209,2015,29.5,0.00123195380173244,1.07754949754484
"July","7.j",7,"PH1100","33D8","N","U",4,0.218,2015,28.5,0.00123195380173244,1.07754949754484
"July","7.j",7,"PH1100","33D8","N","U",3,0.171,2016,26.5,0.00173243503368624,1.51530398092244
"July","7.j",7,"PH1100","33D8","N","U",4,0.198,2015,27.5,0.00123195380173244,1.07754949754484
"July","7.j",7,"PH1100","33D8","N","U",4,0.202,2015,27.5,0.00123195380173244,1.07754949754484
"July","7.j",7,"PH1100","33D8","N","U",6,0.234,2013,29.5,0.00123195380173244,1.07754949754484
"July","7.j",7,"PH1100","33D8","N","U",4,0.208,2015,29.5,0.00123195380173244,1.07754949754484
"July","7.j",7,"PH1100","33D8","N","U",4,0.197,2015,27.5,0.00123195380173244,1.07754949754484
"July","7.j",7,"PH1100","33D8","N","U",4,0.219,2015,28.5,0.00123195380173244,1.07754949754484
"July","7.j",7,"PH1100","33D8","N","U",4,0.197,2015,26.5,0.00173243503368624,1.51530398092244
"July","7.j",7,"PH1100","33D8","N","U",4,0.191,2015,26.5,0.00173243503368624,1.51530398092244
"July","7.j",7,"PH1100","33D8","N","U",4,0.179,2015,27.5,0.00123195380173244,1.07754949754484
"July","7.j",7,"PH1100","33D8","N","U",4,0.215,2015,28.5,0.00123195380173244,1.07754949754484
"July","7.j",7,"PH1100","33D8","N","U",4,0.208,2015,28.5,0.00123195380173244,1.07754949754484
"July","7.j",7,"PH1100","33D8","N","U",4,0.178,2015,27.5,0.00123195380173244,1.07754949754484
"July","7.j",7,"PH1100","33D8","N","U",5,0.189,2014,26.5,0.00262672441450112,2.29750950811156
"July","7.j",7,"PH1100","33D8","N","U",5,0.174,2014,26.5,0.00262672441450112,2.29750950811156
"July","7.j",7,"PH1100","33D8","N","U",5,0.186,2014,26.5,0.00262672441450112,2.29750950811156
"July","7.j",7,"PH1100","33D8","N","U",5,0.185,2014,26.5,0.00262672441450112,2.29750950811156
"July","7.j",7,"PH1100","33D8","N","U",5,0.224,2014,29.5,0.00262672441450112,2.29750950811156
"July","7.j",7,"PH1100","33D8","N","U",5,0.213,2014,27.5,0.00262672441450112,2.29750950811156
"July","7.j",7,"PH1100","33D8","N","U",5,0.203,2014,27.5,0.00262672441450112,2.29750950811156
"July","7.j",7,"PH1100","33D8","N","U",5,0.192,2014,27.5,0.00262672441450112,2.29750950811156
"July","7.j",7,"PH1100","33D8","N","U",10,0.353,2009,36.5,0.00262672441450112,2.29750950811156
"July","7.j",7,"PH1100","33D8","N","U",5,0.173,2014,26.5,0.00332852101379532,2.91134792630931
"July","7.j",7,"PH1100","33D8","N","U",5,0.186,2014,26.5,0.00332852101379532,2.91134792630931
"July","7.j",7,"PH1100","33D8","N","U",5,0.166,2014,26.5,0.00262672441450112,2.29750950811156
"July","7.j",7,"PH1100","33D8","N","U",5,0.18,2014,26.5,0.00262672441450112,2.29750950811156
"July","7.j",7,"PH1100","33D8","N","U",5,0.182,2014,26.5,0.00262672441450112,2.29750950811156
"July","7.j",7,"PH1100","33D8","N","U",5,0.205,2014,28.5,0.00262672441450112,2.29750950811156
"July","7.j",7,"PH1100","33D8","N","U",5,0.224,2014,28.5,0.00262672441450112,2.29750950811156
"July","7.j",7,"PH1100","33D8","N","U",5,0.199,2014,28.5,0.00262672441450112,2.29750950811156
"July","7.j",7,"PH1100","33D8","N","U",5,0.201,2014,27.5,0.00262672441450112,2.29750950811156
"July","7.j",7,"PH1100","33D8","N","U",11,0.281,2008,31.5,0.00262672441450112,2.29750950811156
"July","7.j",7,"PH1100","33D8","N","U",11,0.279,2008,32.5,0.00262672441450112,2.29750950811156
"July","7.j",7,"PH1100","33D8","N","U",5,0.181,2014,27.5,0.00262672441450112,2.29750950811156
"July","7.j",7,"PH1100","33D8","N","U",5,0.168,2014,27.5,0.00262672441450112,2.29750950811156
"July","7.j",7,"PH1100","33D8","N","U",6,0.203,2013,27.5,0.00262672441450112,2.29750950811156
"July","7.j",7,"PH1100","33D8","N","U",5,0.2,2014,28.5,0.00262672441450112,2.29750950811156
"July","7.j",7,"PH1100","33D8","N","U",6,0.268,2013,32.5,0.00479307025986526,4.1923410138854
"July","7.j",7,"PH1100","33D8","N","U",4,0.165,2015,26.5,0.00479307025986526,4.1923410138854
"July","7.j",7,"PH1100","33D8","N","U",4,0.201,2015,28.5,0.00479307025986526,4.1923410138854
"July","7.j",7,"PH1100","33D8","N","U",10,0.282,2009,32.5,0.00479307025986526,4.1923410138854
"July","7.j",7,"PH1100","33D8","N","U",4,0.187,2015,28.5,0.00479307025986526,4.1923410138854
"July","7.j",7,"PH1100","33D8","N","U",4,0.183,2015,26.5,0.00138594802694899,1.21224318473795
"July","7.j",7,"PH1100","33D8","N","U",4,0.193,2015,27.5,0.00479307025986526,4.1923410138854
"July","7.j",7,"PH1100","33D8","N","U",4,0.194,2015,27.5,0.00479307025986526,4.1923410138854
"July","7.j",7,"PH1100","33D8","N","U",4,0.184,2015,27.5,0.00479307025986526,4.1923410138854
"July","7.j",7,"PH1100","33D8","N","U",4,0.247,2015,29.5,0.00479307025986526,4.1923410138854
"July","7.j",7,"PH1100","33D8","N","U",4,0.195,2015,27.5,0.00479307025986526,4.1923410138854
"July","7.j",7,"PH1100","33D8","N","U",4,0.171,2015,27.5,0.00479307025986526,4.1923410138854
"July","7.j",7,"PH1100","33D8","N","U",4,0.181,2015,27.5,0.00479307025986526,4.1923410138854
"July","7.j",7,"PH1100","33D8","N","U",4,0.189,2015,27.5,0.00479307025986526,4.1923410138854
"July","7.j",7,"PH1100","33D8","N","U",4,0.218,2015,28.5,0.00479307025986526,4.1923410138854
"July","7.j",7,"PH1100","33D8","N","U",4,0.178,2015,26.5,0.00479307025986526,4.1923410138854
"July","7.j",7,"PH1100","33D8","N","U",5,0.188,2014,28.5,0.00479307025986526,4.1923410138854
"July","7.j",7,"PH1100","33D8","N","U",4,0.216,2015,29.5,0.00479307025986526,4.1923410138854
"July","7.j",7,"PH1100","33D8","N","U",4,0.209,2015,29.5,0.00479307025986526,4.1923410138854
"July","7.j",7,"PH1100","33D8","N","U",4,0.266,2015,31.5,0.00479307025986526,4.1923410138854
"July","7.j",7,"PH1100","33D8","N","U",15,0.375,2004,35.5,0.00479307025986526,4.1923410138854
"July","7.j",7,"PH1100","33D8","N","U",4,0.194,2015,27.5,0.00479307025986526,4.1923410138854
"July","7.j",7,"PH1100","33D8","N","U",4,0.204,2015,28.5,0.00479307025986526,4.1923410138854
"July","7.j",7,"PH1100","33D8","N","U",4,0.196,2015,27.5,0.00479307025986526,4.1923410138854
"July","7.j",7,"PH1100","33D8","N","U",4,0.201,2015,28.5,0.00479307025986526,4.1923410138854
"March","7.e",3,"PH1100","28E3","N","U",2,0.065,2017,20.5,0.0173333333333333,38.7955474648602
"March","7.e",3,"PH1100","28E3","N","U",5,0.147,2014,27.5,0.0173333333333333,38.7955474648602
"March","7.e",3,"PH1100","28E3","N","U",4,0.106,2015,24.5,0.0173333333333333,38.7955474648602
"March","7.e",3,"PH1100","28E3","N","U",5,0.124,2014,26.5,0.0173333333333333,38.7955474648602
"March","7.e",3,"PH1100","28E3","N","U",5,0.137,2014,27.5,0.0173333333333333,38.7955474648602
"March","7.e",3,"PH1100","28E3","N","U",3,0.058,2016,20.5,0.0173333333333333,38.7955474648602
"March","7.e",3,"PH1100","28E3","N","U",5,0.134,2014,26.5,0.0173333333333333,38.7955474648602
"March","7.e",3,"PH1100","28E3","N","U",3,0.081,2016,22.5,0.0173333333333333,38.7955474648602
"March","7.e",3,"PH1100","28E3","N","U",5,0.132,2014,26.5,0.0173333333333333,38.7955474648602
"March","7.e",3,"PH1100","28E3","N","U",5,0.118,2014,25.5,0.0173333333333333,38.7955474648602
"March","7.e",3,"PH1100","28E3","N","U",5,0.127,2014,26.5,0.0173333333333333,38.7955474648602
"March","7.e",3,"PH1100","28E3","N","U",3,0.076,2016,21.5,0.0173333333333333,38.7955474648602
"March","7.e",3,"PH1100","28E3","N","U",3,0.069,2016,21.5,0.0173333333333333,38.7955474648602
"March","7.e",3,"PH1100","28E3","N","U",5,0.116,2014,25.5,0.0173333333333333,38.7955474648602
"March","7.e",3,"PH1100","28E3","N","U",5,0.13,2014,27.5,0.0173333333333333,38.7955474648602
"March","7.e",3,"PH1100","28E3","N","U",5,0.109,2014,25.5,0.0173333333333333,38.7955474648602
"March","7.e",3,"PH1100","28E3","N","U",2,0.041,2017,19.5,0.0226666666666667,50.7326389925095
"March","7.e",3,"PH1100","28E3","N","U",3,0.066,2016,21.5,0.0173333333333333,38.7955474648602
"March","7.e",3,"PH1100","28E3","N","U",5,0.112,2014,25.5,0.0173333333333333,38.7955474648602
"March","7.e",3,"PH1100","28E3","N","U",5,0.104,2014,25.5,0.0173333333333333,38.7955474648602
"March","7.e",3,"PH1100","28E3","N","U",5,0.127,2014,26.5,0.0173333333333333,38.7955474648602
"March","7.e",3,"PH1100","28E3","N","U",5,0.102,2014,24.5,0.0173333333333333,38.7955474648602
"March","7.e",3,"PH1100","28E3","N","U",5,0.128,2014,26.5,0.0173333333333333,38.7955474648602
"March","7.e",3,"PH1100","28E3","N","U",3,0.055,2016,20.5,0.0173333333333333,38.7955474648602
"March","7.e",3,"PH1100","28E3","N","U",4,0.101,2015,24.5,0.0173333333333333,38.7955474648602
"March","7.h",3,"PH1100","27E3","N","U",5,0.099,2014,23.5,0.0193236714975845,37.2286958787834
"March","7.h",3,"PH1100","27E3","N","U",5,0.139,2014,27.5,0.0193236714975845,37.2286958787834
"March","7.h",3,"PH1100","27E3","N","U",5,0.128,2014,27.5,0.0193236714975845,37.2286958787834
"March","7.h",3,"PH1100","27E3","N","U",3,0.072,2016,21.5,0.0206763285024155,39.8347045902982
"March","7.h",3,"PH1100","27E3","N","U",5,0.105,2014,24.5,0.0206763285024155,39.8347045902982
"March","7.h",3,"PH1100","27E3","N","U",4,0.107,2015,24.5,0.0193236714975845,37.2286958787834
"March","7.h",3,"PH1100","27E3","N","U",5,0.118,2014,25.5,0.0193236714975845,37.2286958787834
"March","7.h",3,"PH1100","27E3","N","U",5,0.118,2014,25.5,0.0193236714975845,37.2286958787834
"March","7.h",3,"PH1100","27E3","N","U",5,0.127,2014,25.5,0.0193236714975845,37.2286958787834
"March","7.h",3,"PH1100","27E3","N","U",5,0.123,2014,26.5,0.0193236714975845,37.2286958787834
"March","7.h",3,"PH1100","27E3","N","U",5,0.121,2014,26.5,0.0193236714975845,37.2286958787834
"March","7.h",3,"PH1100","27E3","N","U",3,0.079,2016,22.5,0.0206763285024155,39.8347045902982
"March","7.h",3,"PH1100","27E3","N","U",5,0.108,2014,24.5,0.0193236714975845,37.2286958787834
"March","7.h",3,"PH1100","27E3","N","U",4,0.1,2015,22.5,0.0206763285024155,39.8347045902982
"March","7.h",3,"PH1100","27E3","N","U",4,0.083,2015,22.5,0.0206763285024155,39.8347045902982
"March","7.h",3,"PH1100","27E3","N","U",3,0.094,2016,23.5,0.0193236714975845,37.2286958787834
"March","7.h",3,"PH1100","27E3","N","U",5,0.091,2014,23.5,0.0206763285024155,39.8347045902982
"March","7.h",3,"PH1100","27E3","N","U",5,0.114,2014,25.5,0.0193236714975845,37.2286958787834
"March","7.h",3,"PH1100","27E3","N","U",5,0.104,2014,25.5,0.0193236714975845,37.2286958787834
"March","7.h",3,"PH1100","27E3","N","U",4,0.103,2015,24.5,0.0193236714975845,37.2286958787834
"March","7.h",3,"PH1100","27E3","N","U",5,0.109,2014,24.5,0.0193236714975845,37.2286958787834
"March","7.h",3,"PH1100","27E3","N","U",4,0.089,2015,23.5,0.0193236714975845,37.2286958787834
"March","7.h",3,"PH1100","27E3","N","U",4,0.102,2015,24.5,0.0193236714975845,37.2286958787834
"March","7.h",3,"PH1100","27E3","N","U",4,0.099,2015,24.5,0.0193236714975845,37.2286958787834
"March","7.h",3,"PH1100","27E3","N","U",5,0.117,2014,25.5,0.0193236714975845,37.2286958787834
"November","4.b",11,"PH1100","38F2","N","U",2,0.108,2017,23.5,0.04,31.9897632757518
"November","4.b",11,"PH1100","38F2","N","U",3,0.119,2016,23.5,0.04,31.9897632757518
"November","4.b",11,"PH1100","38F2","N","U",2,0.093,2017,23.5,0.04,31.9897632757518
"November","4.b",11,"PH1100","38F2","N","U",3,0.101,2016,23.5,0.04,31.9897632757518
"November","4.b",11,"PH1100","38F2","N","U",3,0.112,2016,23.5,0.04,31.9897632757518
"November","4.b",11,"PH1100","38F2","N","U",5,0.136,2014,24.5,0.04,31.9897632757518
"November","4.b",11,"PH1100","38F2","N","U",1,0.054,2018,18.5,0.04,31.9897632757518
"November","4.b",11,"PH1100","38F2","N","U",1,0.048,2018,18.5,0.04,31.9897632757518
"November","4.b",11,"PH1100","38F2","N","U",1,0.07,2018,20.5,0.04,31.9897632757518
"November","4.b",11,"PH1100","38F2","N","U",1,0.079,2018,21.5,0.04,31.9897632757518
"November","4.b",11,"PH1100","38F2","N","U",2,0.087,2017,21.5,0.04,31.9897632757518
"November","4.b",11,"PH1100","38F2","N","U",2,0.086,2017,22.5,0.04,31.9897632757518
"November","4.b",11,"PH1100","38F2","N","U",5,0.17,2014,26.5,0.04,31.9897632757518
"November","4.b",11,"PH1100","38F2","N","U",5,0.161,2014,26.5,0.04,31.9897632757518
"November","4.b",11,"PH1100","38F2","N","U",5,0.162,2014,27.5,0.04,31.9897632757518
"November","4.b",11,"PH1100","38F2","N","U",3,0.157,2016,27.5,0.04,31.9897632757518
"November","4.b",11,"PH1100","38F2","N","U",5,0.178,2014,27.5,0.04,31.9897632757518
"November","4.b",11,"PH1100","38F2","N","U",5,0.167,2014,28.5,0.04,31.9897632757518
"November","4.b",11,"PH1100","38F2","N","U",3,0.127,2016,24.5,0.04,31.9897632757518
"November","4.b",11,"PH1100","38F2","N","U",2,0.135,2017,24.5,0.04,31.9897632757518
"November","4.b",11,"PH1100","38F2","N","U",5,0.131,2014,25.5,0.04,31.9897632757518
"November","4.b",11,"PH1100","38F2","N","U",5,0.163,2014,25.5,0.04,31.9897632757518
"November","4.b",11,"PH1100","38F2","N","U",5,0.178,2014,26.5,0.04,31.9897632757518
"November","4.b",11,"PH1100","38F2","N","U",6,0.159,2013,26.5,0.04,31.9897632757518
"November","4.b",11,"PH1100","38F2","N","U",5,0.145,2014,26.5,0.04,31.9897632757518
"November","4.c",11,"PH1100","32F1","N","U",5,0.141,2014,24.5,0.00779046813310773,15.8637120787653
"November","4.c",11,"PH1100","32F1","N","U",2,0.076,2017,21.5,0.00779046813310773,15.8637120787653
"November","4.c",11,"PH1100","32F1","N","U",2,0.084,2017,21.5,0.00779046813310773,15.8637120787653
"November","4.c",11,"PH1100","32F1","N","U",1,0.055,2018,18.5,0.00588691483361534,11.9875109373476
"November","4.c",11,"PH1100","32F1","N","U",1,0.057,2018,19.5,0.00588691483361534,11.9875109373476
"November","4.c",11,"PH1100","32F1","N","U",1,0.069,2018,19.5,0.00588691483361534,11.9875109373476
"November","4.c",11,"PH1100","32F1","N","U",1,0.059,2018,19.5,0.00588691483361534,11.9875109373476
"November","4.c",11,"PH1100","32F1","N","U",3,0.115,2016,23.5,0.00779046813310773,15.8637120787653
"November","4.c",11,"PH1100","32F1","N","U",3,0.099,2016,23.5,0.00779046813310773,15.8637120787653
"November","4.c",11,"PH1100","32F1","N","U",4,0.123,2015,24.5,0.00779046813310773,15.8637120787653
"November","4.c",11,"PH1100","32F1","N","U",1,0.085,2018,21.5,0.00779046813310773,15.8637120787653
"November","4.c",11,"PH1100","32F1","N","U",5,0.132,2014,25.5,0.00779046813310773,15.8637120787653
"November","4.c",11,"PH1100","32F1","N","U",1,0.064,2018,20.5,0.00779046813310773,15.8637120787653
"November","4.c",11,"PH1100","32F1","N","U",2,0.079,2017,21.5,0.00779046813310773,15.8637120787653
"November","4.c",11,"PH1100","32F1","N","U",3,0.072,2016,21.5,0.00779046813310773,15.8637120787653
"November","4.c",11,"PH1100","32F1","N","U",2,0.087,2017,21.5,0.00779046813310773,15.8637120787653
"November","4.c",11,"PH1100","32F1","N","U",1,0.058,2018,19.5,0.00588691483361534,11.9875109373476
"November","4.c",11,"PH1100","32F1","N","U",2,0.078,2017,21.5,0.00779046813310773,15.8637120787653
"November","4.c",11,"PH1100","32F1","N","U",2,0.064,2017,20.5,0.00779046813310773,15.8637120787653
"November","4.c",11,"PH1100","32F1","N","U",3,0.09,2016,22.5,0.00779046813310773,15.8637120787653
"November","4.c",11,"PH1100","32F1","N","U",2,0.075,2017,20.5,0.00779046813310773,15.8637120787653
"November","4.c",11,"PH1100","32F1","N","U",1,0.059,2018,19.5,0.00588691483361534,11.9875109373476
"November","4.c",11,"PH1100","32F1","N","U",1,0.086,2018,21.5,0.00779046813310773,15.8637120787653
"November","4.c",11,"PH1100","32F1","N","U",3,0.101,2016,23.5,0.00779046813310773,15.8637120787653
"November","4.c",11,"PH1100","32F1","N","U",1,0.068,2018,20.5,0.002165820642978,4.410255520902
"November","4.c",11,"PH1100","32F1","N","U",2,0.078,2017,21.5,0.00338409475465313,6.89102425140937
"November","4.c",11,"PH1100","32F1","N","U",3,0.09,2016,22.5,0.00338409475465313,6.89102425140937
"November","4.c",11,"PH1100","32F1","N","U",3,0.092,2016,22.5,0.00338409475465313,6.89102425140937
"November","4.c",11,"PH1100","32F1","N","U",3,0.123,2016,23.5,0.00338409475465313,6.89102425140937
"November","4.c",11,"PH1100","32F1","N","U",1,0.079,2018,20.5,0.00338409475465313,6.89102425140937
"November","4.c",11,"PH1100","32F1","N","U",2,0.072,2017,20.5,0.00338409475465313,6.89102425140937
"November","4.c",11,"PH1100","32F1","N","U",2,0.085,2017,21.5,0.00338409475465313,6.89102425140937
"November","4.c",11,"PH1100","32F1","N","U",2,0.09,2017,21.5,0.00338409475465313,6.89102425140937
"November","4.c",11,"PH1100","32F1","N","U",5,0.139,2014,24.5,0.00338409475465313,6.89102425140937
"November","4.c",11,"PH1100","32F1","N","U",3,0.118,2016,24.5,0.00338409475465313,6.89102425140937
"November","4.c",11,"PH1100","32F1","N","U",2,0.073,2017,21.5,0.00338409475465313,6.89102425140937
"November","4.c",11,"PH1100","32F1","N","U",2,0.083,2017,22.5,0.00338409475465313,6.89102425140937
"November","4.c",11,"PH1100","32F1","N","U",3,0.085,2016,21.5,0.00338409475465313,6.89102425140937
"November","4.c",11,"PH1100","32F1","N","U",2,0.095,2017,22.5,0.00338409475465313,6.89102425140937
"November","4.c",11,"PH1100","32F1","N","U",1,0.057,2018,19.5,0.002165820642978,4.410255520902
"November","4.c",11,"PH1100","32F1","N","U",1,0.063,2018,19.5,0.002165820642978,4.410255520902
"November","4.c",11,"PH1100","32F1","N","U",1,0.074,2018,20.5,0.002165820642978,4.410255520902
"November","4.c",11,"PH1100","32F1","N","U",5,0.172,2014,27.5,0.00338409475465313,6.89102425140937
"November","4.c",11,"PH1100","32F1","N","U",2,0.113,2017,24.5,0.00338409475465313,6.89102425140937
"November","4.c",11,"PH1100","32F1","N","U",3,0.106,2016,23.5,0.00338409475465313,6.89102425140937
"November","4.c",11,"PH1100","32F1","N","U",5,0.164,2014,26.5,0.00338409475465313,6.89102425140937
"November","4.c",11,"PH1100","32F1","N","U",5,0.23,2014,28.5,0.00338409475465313,6.89102425140937
"November","4.c",11,"PH1100","32F1","N","U",3,0.118,2016,25.5,0.00338409475465313,6.89102425140937
"November","4.c",11,"PH1100","32F1","N","U",3,0.076,2016,21.5,0.00338409475465313,6.89102425140937
"November","4.c",11,"PH1100","31F1","N","U",2,0.077,2017,21.5,0.0033502538071066,6.82211400889528
"November","4.c",11,"PH1100","31F1","N","U",2,0.082,2017,21.5,0.0033502538071066,6.82211400889528
"November","4.c",11,"PH1100","31F1","N","U",1,0.053,2018,18.5,0.00372250423011844,7.58012667655031
"November","4.c",11,"PH1100","31F1","N","U",1,0.057,2018,19.5,0.0033502538071066,6.82211400889528
"November","4.c",11,"PH1100","31F1","N","U",1,0.065,2018,19.5,0.00372250423011844,7.58012667655031
"November","4.c",11,"PH1100","31F1","N","U",1,0.058,2018,19.5,0.00372250423011844,7.58012667655031
"November","4.c",11,"PH1100","31F1","N","U",2,0.079,2017,21.5,0.0033502538071066,6.82211400889528
"November","4.c",11,"PH1100","31F1","N","U",5,0.164,2014,26.5,0.0033502538071066,6.82211400889528
"November","4.c",11,"PH1100","31F1","N","U",3,0.115,2016,23.5,0.0033502538071066,6.82211400889528
"November","4.c",11,"PH1100","31F1","N","U",1,0.077,2018,20.5,0.0033502538071066,6.82211400889528
"November","4.c",11,"PH1100","31F1","N","U",2,0.081,2017,20.5,0.0033502538071066,6.82211400889528
"November","4.c",11,"PH1100","31F1","N","U",1,0.059,2018,19.5,0.00372250423011844,7.58012667655031
"November","4.c",11,"PH1100","31F1","N","U",2,0.092,2017,21.5,0.0033502538071066,6.82211400889528
"November","4.c",11,"PH1100","31F1","N","U",3,0.134,2016,25.5,0.0033502538071066,6.82211400889528
"November","4.c",11,"PH1100","31F1","N","U",6,0.159,2013,26.5,0.0033502538071066,6.82211400889528
"November","4.c",11,"PH1100","31F1","N","U",2,0.076,2017,21.5,0.0033502538071066,6.82211400889528
"November","4.c",11,"PH1100","31F1","N","U",3,0.104,2016,23.5,0.0033502538071066,6.82211400889528
"November","4.c",11,"PH1100","31F1","N","U",2,0.092,2017,22.5,0.0033502538071066,6.82211400889528
"November","4.c",11,"PH1100","31F1","N","U",3,0.09,2016,22.5,0.0033502538071066,6.82211400889528
"November","4.c",11,"PH1100","31F1","N","U",6,0.175,2013,26.5,0.0033502538071066,6.82211400889528
"November","4.c",11,"PH1100","31F1","N","U",5,0.142,2014,25.5,0.0033502538071066,6.82211400889528
"November","4.c",11,"PH1100","31F1","N","U",3,0.121,2016,25.5,0.0033502538071066,6.82211400889528
"November","4.c",11,"PH1100","31F1","N","U",3,0.113,2016,23.5,0.0033502538071066,6.82211400889528
"November","4.c",11,"PH1100","31F1","N","U",3,0.121,2016,24.5,0.0033502538071066,6.82211400889528
"November","4.c",11,"PH1100","31F1","N","U",5,0.14,2014,25.5,0.0033502538071066,6.82211400889528
"November","4.c",11,"PH1100","31F1","N","U",1,0.064,2018,19.5,0.00368866328257191,7.51121643403622
"November","4.c",11,"PH1100","31F1","N","U",4,0.112,2015,23.5,0.00372250423011844,7.58012667655031
"November","4.c",11,"PH1100","31F1","N","U",3,0.126,2016,23.5,0.00372250423011844,7.58012667655031
"November","4.c",11,"PH1100","31F1","N","U",1,0.057,2018,18.5,0.00368866328257191,7.51121643403622
"November","4.c",11,"PH1100","31F1","N","U",5,0.112,2014,24.5,0.00372250423011844,7.58012667655031
"November","4.c",11,"PH1100","31F1","N","U",2,0.067,2017,20.5,0.00372250423011844,7.58012667655031
"November","4.c",11,"PH1100","31F1","N","U",1,0.063,2018,20.5,0.00368866328257191,7.51121643403622
"November","4.c",11,"PH1100","31F1","N","U",1,0.073,2018,20.5,0.00368866328257191,7.51121643403622
"November","4.c",11,"PH1100","31F1","N","U",3,0.131,2016,24.5,0.00372250423011844,7.58012667655031
"November","4.c",11,"PH1100","31F1","N","U",3,0.116,2016,24.5,0.00372250423011844,7.58012667655031
"November","4.c",11,"PH1100","32F2","N","U",3,0.105,2016,22.5,0.00338409475465313,6.89102425140937
"November","4.c",11,"PH1100","32F2","N","U",2,0.124,2017,23.5,0.00338409475465313,6.89102425140937
"November","4.c",11,"PH1100","32F2","N","U",1,0.058,2018,18.5,0.00345177664974619,7.02884473643756
"November","4.c",11,"PH1100","32F2","N","U",3,0.076,2016,21.5,0.00338409475465313,6.89102425140937
"November","4.c",11,"PH1100","32F2","N","U",2,0.116,2017,23.5,0.00338409475465313,6.89102425140937
"November","4.c",11,"PH1100","32F2","N","U",3,0.101,2016,22.5,0.00338409475465313,6.89102425140937
"November","4.c",11,"PH1100","32F2","N","U",3,0.121,2016,23.5,0.00338409475465313,6.89102425140937
"November","4.c",11,"PH1100","32F2","N","U",3,0.119,2016,24.5,0.00338409475465313,6.89102425140937
"November","4.c",11,"PH1100","32F2","N","U",2,0.083,2017,21.5,0.00338409475465313,6.89102425140937
"November","4.c",11,"PH1100","32F2","N","U",1,0.067,2018,19.5,0.00345177664974619,7.02884473643756
"November","4.c",11,"PH1100","32F2","N","U",2,0.088,2017,21.5,0.00338409475465313,6.89102425140937
"November","4.c",11,"PH1100","32F2","N","U",2,0.077,2017,21.5,0.00338409475465313,6.89102425140937
"November","4.c",11,"PH1100","32F2","N","U",1,0.058,2018,19.5,0.00345177664974619,7.02884473643756
"November","4.c",11,"PH1100","32F2","N","U",1,0.06,2018,18.5,0.00345177664974619,7.02884473643756
"November","4.c",11,"PH1100","32F2","N","U",1,0.052,2018,18.5,0.00345177664974619,7.02884473643756
"November","4.c",11,"PH1100","31F1","N","U",5,0.137,2014,25.5,0.00372250423011844,7.58012667655031
"November","4.c",11,"PH1100","31F1","N","U",5,0.157,2014,25.5,0.00372250423011844,7.58012667655031
"November","4.c",11,"PH1100","31F1","N","U",3,0.118,2016,23.5,0.00372250423011844,7.58012667655031
"November","4.c",11,"PH1100","31F1","N","U",4,0.142,2015,25.5,0.00372250423011844,7.58012667655031
"November","4.c",11,"PH1100","31F1","N","U",3,0.089,2016,22.5,0.00372250423011844,7.58012667655031
"November","4.c",11,"PH1100","31F1","N","U",3,0.117,2016,24.5,0.00372250423011844,7.58012667655031
"November","4.c",11,"PH1100","31F1","N","U",5,0.13,2014,24.5,0.00372250423011844,7.58012667655031
"November","4.c",11,"PH1100","31F1","N","U",1,0.062,2018,19.5,0.00368866328257191,7.51121643403622
"November","4.c",11,"PH1100","31F1","N","U",3,0.13,2016,24.5,0.00372250423011844,7.58012667655031
"November","4.c",11,"PH1100","31F1","N","U",3,0.136,2016,24.5,0.00372250423011844,7.58012667655031
"November","4.c",11,"PH1100","31F1","N","U",4,0.13,2015,24.5,0.00372250423011844,7.58012667655031
"November","4.c",11,"PH1100","31F1","N","U",5,0.137,2014,24.5,0.00372250423011844,7.58012667655031
"November","4.c",11,"PH1100","31F1","N","U",3,0.097,2016,21.5,0.00372250423011844,7.58012667655031
"November","4.c",11,"PH1100","31F1","N","U",3,0.108,2016,22.5,0.00372250423011844,7.58012667655031
"November","4.c",11,"PH1100","31F1","N","U",3,0.106,2016,22.5,0.00372250423011844,7.58012667655031
"November","4.c",11,"PH1100","32F2","N","U",3,0.124,2016,24.5,0.00338409475465313,6.89102425140937
"November","4.c",11,"PH1100","32F2","N","U",2,0.072,2017,20.5,0.00338409475465313,6.89102425140937
"November","4.c",11,"PH1100","32F2","N","U",1,0.053,2018,19.5,0.00345177664974619,7.02884473643756
"November","4.c",11,"PH1100","32F2","N","U",1,0.058,2018,19.5,0.00338409475465313,6.89102425140937
"November","4.c",11,"PH1100","32F2","N","U",2,0.102,2017,22.5,0.00338409475465313,6.89102425140937
"November","4.c",11,"PH1100","32F2","N","U",3,0.091,2016,22.5,0.00338409475465313,6.89102425140937
"November","4.c",11,"PH1100","32F2","N","U",2,0.084,2017,21.5,0.00338409475465313,6.89102425140937
"November","4.c",11,"PH1100","32F2","N","U",2,0.101,2017,22.5,0.00338409475465313,6.89102425140937
"November","4.c",11,"PH1100","32F2","N","U",2,0.075,2017,20.5,0.00338409475465313,6.89102425140937
"November","4.c",11,"PH1100","32F2","N","U",1,0.056,2018,18.5,0.00345177664974619,7.02884473643756
"October","6.a",10,"PH1100","46E4","N","U",6,0.217,2013,30.5,0.0130427991252734,9.79437673747551
"October","6.a",10,"PH1100","46E4","N","U",15,0.363,2004,36.5,0.0130427991252734,9.79437673747551
"October","6.a",10,"PH1100","46E4","N","U",10,0.456,2009,36.5,0.0130427991252734,9.79437673747551
"October","6.a",10,"PH1100","46E4","N","U",5,0.22,2014,28.5,0.020930959075289,15.7179219499607
"October","6.a",10,"PH1100","46E4","N","U",15,0.336,2001,34.5,0.0130427991252734,9.79437673747551
"October","6.a",10,"PH1100","46E4","N","U",11,0.341,2008,34.5,0.0130427991252734,9.79437673747551
"October","6.a",10,"PH1100","46E4","N","U",5,0.219,2014,30.5,0.020930959075289,15.7179219499607
"October","6.a",10,"PH1100","46E4","N","U",15,0.336,2001,34.5,0.0130427991252734,9.79437673747551
"October","6.a",10,"PH1100","46E4","N","U",11,0.309,2008,32.5,0.0130427991252734,9.79437673747551
"October","6.a",10,"PH1100","46E4","N","U",7,0.303,2012,33.5,0.0130427991252734,9.79437673747551
"October","6.a",10,"PH1100","46E4","N","U",11,0.32,2008,33.5,0.0130427991252734,9.79437673747551
"October","6.a",10,"PH1100","46E4","N","U",7,0.349,2012,34.5,0.0130427991252734,9.79437673747551
"October","6.a",10,"PH1100","46E4","N","U",11,0.337,2008,33.5,0.0130427991252734,9.79437673747551
"October","6.a",10,"PH1100","46E4","N","U",11,0.309,2008,33.5,0.0130427991252734,9.79437673747551
"October","6.a",10,"PH1100","46E4","N","U",15,0.349,2001,34.5,0.0130427991252734,9.79437673747551
"October","6.a",10,"PH1100","46E4","N","U",4,0.205,2015,28.5,0.020930959075289,15.7179219499607
"October","6.a",10,"PH1100","46E4","N","U",15,0.294,2001,34.5,0.0130427991252734,9.79437673747551
"October","6.a",10,"PH1100","46E4","N","U",11,0.362,2008,34.5,0.0130427991252734,9.79437673747551
"October","6.a",10,"PH1100","46E4","N","U",11,0.37,2008,34.5,0.0130427991252734,9.79437673747551
"October","6.a",10,"PH1100","46E4","N","U",6,0.289,2013,31.5,0.0130427991252734,9.79437673747551
"October","6.a",10,"PH1100","46E4","N","U",7,0.248,2012,31.5,0.0130427991252734,9.79437673747551
"October","6.a",10,"PH1100","46E4","N","U",11,0.341,2008,34.5,0.0130427991252734,9.79437673747551
"October","6.a",10,"PH1100","45E3","N","U",10,0.282,2009,31.5,0.0056232427366448,4.22272529998944
"October","6.a",10,"PH1100","45E3","N","U",6,0.235,2013,29.5,0.0056232427366448,4.22272529998944
"October","6.a",10,"PH1100","45E3","N","U",6,0.265,2013,30.5,0.0056232427366448,4.22272529998944
"October","6.a",10,"PH1100","45E3","N","U",9,0.357,2010,34.5,0.0056232427366448,4.22272529998944
"October","6.a",10,"PH1100","45E3","N","U",10,0.3,2009,33.5,0.0056232427366448,4.22272529998944
"October","6.a",10,"PH1100","45E3","N","U",4,0.219,2015,28.5,0.0056232427366448,4.22272529998944
"October","6.a",10,"PH1100","45E3","N","U",3,0.226,2016,29.5,0.0056232427366448,4.22272529998944
"October","6.a",10,"PH1100","45E3","N","U",5,0.266,2014,31.5,0.0056232427366448,4.22272529998944
"October","6.a",10,"PH1100","45E3","N","U",12,0.379,2007,35.5,0.0056232427366448,4.22272529998944
"October","6.a",10,"PH1100","45E3","N","U",7,0.396,2012,35.5,0.0056232427366448,4.22272529998944
"October","6.a",10,"PH1100","45E3","N","U",10,0.508,2009,36.5,0.0056232427366448,4.22272529998944
"October","6.a",10,"PH1100","45E3","N","U",4,0.243,2015,30.5,0.0056232427366448,4.22272529998944
"October","6.a",10,"PH1100","45E3","N","U",6,0.363,2013,34.5,0.0056232427366448,4.22272529998944
"October","6.a",10,"PH1100","45E3","N","U",11,0.356,2008,32.5,0.0056232427366448,4.22272529998944
"October","6.a",10,"PH1100","45E3","N","U",10,0.354,2009,32.5,0.0056232427366448,4.22272529998944
"October","6.a",10,"PH1100","45E3","N","U",4,0.227,2015,28.5,0.00585754451733833,4.398672187489
"October","6.a",10,"PH1100","45E3","N","U",11,0.334,2008,34.5,0.0056232427366448,4.22272529998944
"October","6.a",10,"PH1100","45E3","N","U",4,0.226,2015,29.5,0.0056232427366448,4.22272529998944
"October","6.a",10,"PH1100","45E3","N","U",6,0.272,2013,30.5,0.0056232427366448,4.22272529998944
"October","6.a",10,"PH1100","45E3","N","U",4,0.286,2015,30.5,0.0056232427366448,4.22272529998944
"October","6.a",10,"PH1100","45E3","N","U",7,0.419,2012,35.5,0.0056232427366448,4.22272529998944
"October","6.a",10,"PH1100","45E3","N","U",7,0.314,2012,32.5,0.0056232427366448,4.22272529998944
"September","4.b",9,"H72","37F0","N","U",6,0.211,2013,28.5,0.0241986455981941,20.0091385020621
"September","4.b",9,"H72","37F0","N","U",3,0.168,2016,25.5,0.0158013544018059,13.0656687979883
"September","4.b",9,"H72","37F0","N","U",6,0.255,2013,29.5,0.0241986455981941,20.0091385020621
"September","4.b",9,"H72","37F0","N","U",4,0.198,2015,27.5,0.0241986455981941,20.0091385020621
"September","4.b",9,"H72","37F0","N","U",6,0.247,2013,28.5,0.0241986455981941,20.0091385020621
"September","4.b",9,"H72","37F0","N","U",4,0.197,2015,26.5,0.0241986455981941,20.0091385020621
"September","4.b",9,"H72","37F0","N","U",4,0.172,2015,26.5,0.0241986455981941,20.0091385020621
"September","4.b",9,"H72","37F0","N","U",4,0.167,2015,25.5,0.0158013544018059,13.0656687979883
"September","4.b",9,"H72","37F0","N","U",5,0.18,2014,26.5,0.0241986455981941,20.0091385020621
"September","4.b",9,"H72","37F0","N","U",5,0.213,2014,27.5,0.0241986455981941,20.0091385020621
"September","4.b",9,"H72","37F0","N","U",4,0.204,2015,27.5,0.0241986455981941,20.0091385020621
"September","4.b",9,"H72","37F0","N","U",4,0.191,2015,26.5,0.0241986455981941,20.0091385020621
"September","4.b",9,"H72","37F0","N","U",4,0.218,2015,27.5,0.0241986455981941,20.0091385020621
"September","4.b",9,"H72","37F0","N","U",4,0.215,2015,27.5,0.0241986455981941,20.0091385020621
"September","4.b",9,"H72","37F0","N","U",4,0.206,2015,27.5,0.0241986455981941,20.0091385020621
"September","4.b",9,"H72","37F0","N","U",4,0.216,2015,28.5,0.0241986455981941,20.0091385020621
"September","4.b",9,"H72","37F0","N","U",4,0.198,2015,26.5,0.0241986455981941,20.0091385020621
"September","4.b",9,"H72","37F0","N","U",5,0.174,2014,26.5,0.0241986455981941,20.0091385020621
"September","4.b",9,"H72","37F0","N","U",9,0.283,2010,31.5,0.0241986455981941,20.0091385020621
"September","4.b",9,"H72","37F0","N","U",9,0.308,2010,33.5,0.0241986455981941,20.0091385020621
"September","4.b",9,"H72","37F0","N","U",3,0.172,2016,25.5,0.0241986455981941,20.0091385020621
"September","4.b",9,"H72","37F0","N","U",2,0.173,2017,25.5,0.0158013544018059,13.0656687979883
"September","4.b",9,"H72","37F0","N","U",5,0.209,2014,27.5,0.0241986455981941,20.0091385020621
"September","4.b",9,"H72","37F0","N","U",5,0.203,2014,26.5,0.0241986455981941,20.0091385020621
"September","4.b",9,"H72","37F0","N","U",4,0.196,2015,26.5,0.0241986455981941,20.0091385020621
